Workbook

Sheet บันทึกสต็อครายวัน
A1: 📋 กรอกข้อมูลรายวัน | F1: 46186 | I1: SND
A2: YC STOCK — บันทึกสต็อครายวัน
A3: วันที่ (auto) | B3: สาขา (auto) | C3: ชีต | D3: หมวด | E3: รายการ | F3: หน่วยบรรจุ | G3: ยกมา (แพ็ค/กล่อง) | H3: ยกมา (ชิ้น/กรัม) | I3: รับเข้า (แพ็ค/กล่อง) | J3: รับเข้า (ชิ้น/กรัม) | K3: ขายไป / ใช้ไป | L3: คงเหลือ (แพ็ค/กล่อง) | M3: คงเหลือ (ชิ้น/กรัม) | N3: ส่งคืน | O3: หมายเหตุ | P3: ผลต่าง / ปริมาณใช้ | Q3: Par Level (สต็อคขั้นต่ำ) | R3: สถานะสต็อค
A4: 46186 | B4: SND | C4: #1 | D4: Yogurt 1kg/Box | E4: Greek Yogurt 1kg | F4: 1kg/Box | G4: 2 | H4: 542 | I4: 4 | J4: 0 | K4: 0 | L4: 6 | M4: 540 | N4: 0 | O4: 0 | P4: 0 | R4: ✓ ปกติ
A5: 46186 | B5: SND | C5: #1 | D5: Yogurt 1kg/Box | E5: Yuzu | F5: 1kg/Box | G5: 1 | H5: 340 | I5: 0 | J5: 0 | K5: 0 | L5: 1 | M5: 340 | N5: 0 | O5: 0 | P5: 0
A6: 46186 | B6: SND | C6: #1 | D6: Yogurt 1kg/Box | E6: Kyoho | F6: 1kg/Box | G6: 1 | H6: 330 | I6: 0 | J6: 0 | K6: 0 | L6: 1 | M6: 330 | N6: 0 | O6: 0 | P6: 0
A7: 46186 | B7: SND | C7: #1 | D7: Yogurt 1kg/Box | E7: Mint | F7: 1kg/Box | G7: 0 | H7: 0 | I7: 0 | J7: 0 | K7: 0 | L7: 0 | M7: 0 | N7: 0 | O7: 0 | P7: 0
A8: 46186 | B8: SND | C8: #1 | D8: Yogurt 1kg/Box | E8: Vanilla | F8: 1kg/Box | G8: 1 | H8: 0 | I8: 0 | J8: 0 | K8: 0 | L8: 1 | M8: 0 | N8: 0 | O8: 0 | P8: 0
A9: 46186 | B9: SND | C9: #1 | D9: Yogurt 1kg/Box | E9: Pineapple | F9: 1kg/Box | G9: 1 | H9: 500 | I9: 0 | J9: 0 | K9: 0 | L9: 1 | M9: 500 | N9: 0 | O9: 0 | P9: 0
A10: 46186 | B10: SND | C10: #1 | D10: Yogurt 1kg/Box | E10: Biscoff | F10: 1kg/Box | G10: 0 | H10: 599 | I10: 1 | J10: 350 | K10: 0 | L10: 1 | M10: 499 | N10: 0 | O10: 0 | P10: 0
A11: 46186 | B11: SND | C11: #1 | D11: Yogurt 1kg/Box | E11: Overnight oats biscoff | F11: 1kg/Box | G11: 2 | H11: 303 | I11: 0 | J11: 0 | K11: 0 | L11: 2 | M11: 300 | N11: 0 | O11: 0 | P11: 0
A12: 46186 | B12: SND | C12: #1 | D12: Yogurt 1kg/Box | E12: Plain Yogurt (ธรรมชาติ) | F12: 1kg/Box | G12: 5 | H12: 863 | I12: 2 | J12: 0 | K12: 0 | L12: 7 | M12: 683 | N12: 0 | O12: 0 | P12: 0
A13: 46186 | B13: SND | C13: #1 | D13: Yogurt 500g/Box | E13: Greek Yogurt 500g | F13: 500g/Box | G13: 6 | H13: 0 | I13: 5 | J13: 0 | N13: 0 | O13: 0 | P13: 11
A14: 46186 | B14: SND | C14: #1 | D14: Yogurt 500g/Box | E14: Plain Yogurt 500g | F14: 500g/Box | G14: 4 | H14: 0 | I14: 0 | J14: 0 | N14: 0 | O14: 0 | P14: 4
A15: 46186 | B15: SND | C15: #1 | D15: ACAI | E15: R-ACAI Bowl | F15: Bowl | G15: 15 | H15: 0 | I15: 0 | J15: 0 | K15: 0 | L15: 15 | M15: 0 | N15: 0 | O15: 0 | P15: 0
A16: 46186 | B16: SND | C16: #1 | D16: ACAI | E16: S-ACAI Cup (mini) | F16: Cup | G16: 13 | H16: 0 | I16: 0 | J16: 0 | K16: 0 | L16: 13 | M16: 0 | N16: 0 | O16: 0 | P16: 0
A17: 46186 | B17: SND | C17: #1 | D17: Soft Serve / Ice Cream | E17: น้ำ Ice cream / Soft Serve | F17: 2kg/Bag
A18: 46186 | B18: SND | C18: #1 | D18: Soft Serve / Ice Cream | E18: Granola โรย Ice cream | F18: g.
A19: 46186 | B19: SND | C19: #1 | D19: Softserve TH | E19: Softserve ถ้วยกระดาษ | F19: ถ้วย | G19: 0 | H19: 0 | I19: 0 | J19: 0 | K19: 0 | L19: 0 | M19: 0 | N19: 0 | O19: 0 | P19: 0
A20: 46186 | B20: SND | C20: #1 | D20: Shake แข็ง | E20: Shake (แช่แข็ง) | F20: ถ้วย | G20: 37 | H20: 0 | I20: 50 | J20: 0 | K20: 3 | L20: 84 | M20: 0 | N20: 0 | O20: 0
A21: 46186 | B21: SND | C21: #1 | D21: Drink / แยมกระปุก | E21: Peanut Butter | F21: กระปุก
A22: 46186 | B22: SND | C22: #1 | D22: Drink / แยมกระปุก | E22: Water น้ำดื่ม | F22: ขวด | G22: 9 | H22: 0 | I22: 0 | J22: 0 | K22: 0 | L22: 9 | M22: 0 | N22: 0 | O22: 0
A23: 46186 | B23: SND | C23: #1 | D23: Drink / แยมกระปุก | E23: ถุงสตรอเบอรี่ | F23: ถุง | G23: 4 | H23: 0 | I23: 5 | J23: 0 | K23: 0 | L23: 9 | M23: 0 | N23: 0 | O23: 0
A24: 46186 | B24: SND | C24: #1 | D24: Drink / แยมกระปุก | E24: ถุงบลูเบอรี่ | F24: ถุง | G24: 1 | H24: 0 | I24: 5 | J24: 0 | K24: 0 | L24: 6 | M24: 0 | N24: 0 | O24: 0
A25: 46186 | B25: SND | C25: #1 | D25: Drink / แยมกระปุก | E25: ถุงธรรมชาติ | F25: ถุง | G25: 0 | H25: 0 | I25: 10 | J25: 0 | K25: 0 | L25: 10 | M25: 0 | N25: 0 | O25: 0
A26: 46186 | B26: SND | C26: #1 | D26: Drink / แยมกระปุก | E26: ถุงลิ้นจี่ | F26: ถุง | G26: 2 | H26: 0 | I26: 5 | J26: 0 | K26: 0 | L26: 7 | M26: 0 | N26: 0 | O26: 0
A27: 46186 | B27: SND | C27: #1 | D27: Drink / แยมกระปุก | E27: ถุงยูส | F27: ถุง | G27: 1 | H27: 0 | I27: 5 | J27: 0 | K27: 0 | L27: 6 | M27: 0 | N27: 0 | O27: 0
A28: 46186 | B28: SND | C28: #1 | D28: Drink / แยมกระปุก | E28: ถุงพีช | F28: ถุง | G28: 4 | H28: 0 | I28: 0 | J28: 0 | K28: 0 | L28: 4 | M28: 0 | N28: 0 | O28: 0
A29: 46186 | B29: SND | C29: #1 | D29: Cereals | E29: Cornflakes Malt (M) | F29: กระปุก | G29: 5 | H29: 0 | I29: 0 | J29: 0 | K29: 0 | L29: 5 | M29: 0 | N29: 0 | O29: 0 | P29: 0
A30: 46186 | B30: SND | C30: #1 | D30: Cereals | E30: Granola (M) | F30: กระปุก | G30: 5 | H30: 0 | I30: 0 | J30: 0 | K30: 0 | L30: 5 | M30: 0 | N30: 0 | O30: 0 | P30: 0
A31: 46186 | B31: SND | C31: #1 | D31: Cereals | E31: Choc Chip Cookies | F31: กระปุก | G31: 0 | H31: 0 | I31: 4 | J31: 0 | K31: 0 | L31: 4 | M31: 0 | N31: 0 | O31: 0 | P31: 0
A32: 46186 | B32: SND | C32: #2 | D32: Toppings | E32: Cookies Crumbs | F32: 750g/pack | G32: 2 | H32: 134 | I32: 0 | J32: 0 | K32: 0 | L32: 2 | M32: 74 | N32: 0 | O32: 0 | P32: 0
A33: 46186 | B33: SND | C33: #2 | D33: Toppings | E33: Oreo | F33: 454g/pack | G33: 2 | H33: 262 | I33: 0 | J33: 0 | K33: 0 | L33: 2 | M33: 260 | N33: 0 | O33: 0 | P33: 0
A34: 46186 | B34: SND | C34: #2 | D34: Toppings | E34: Choc Chips | F34: 300g/pack | G34: 0 | H34: 212 | I34: 1 | J34: 0 | K34: 0 | L34: 1 | M34: 210 | N34: 0 | O34: 0 | P34: 0
A35: 46186 | B35: SND | C35: #2 | D35: Toppings | E35: Cornflakes (Topping) | F35: 1,000g/box | G35: 0 | H35: 890 | I35: 0 | J35: 0 | K35: 0 | L35: 0 | M35: 890 | N35: 0 | O35: 0 | P35: 0
A36: 46186 | B36: SND | C36: #2 | D36: Toppings | E36: Granola (Topping) | F36: 2,000g/box | G36: 1 | H36: 158 | I36: 0 | J36: 0 | K36: 0 | L36: 1 | M36: 158 | N36: 0 | O36: 0 | P36: 0
A37: 46186 | B37: SND | C37: #2 | D37: Toppings | E37: Almond | F37: 400g/pack | G37: 1 | H37: 369 | I37: 0 | J37: 0 | K37: 0 | L37: 1 | M37: 369 | N37: 0 | O37: 0 | P37: 0
A38: 46186 | B38: SND | C38: #2 | D38: Toppings | E38: Pecan | F38: 400g/pack | G38: 1 | H38: 342 | I38: 0 | J38: 0 | K38: 0 | L38: 1 | M38: 342 | N38: 0 | O38: 0 | P38: 0
A39: 46186 | B39: SND | C39: #2 | D39: Toppings | E39: Walnut | F39: 400g/pack | G39: 1 | H39: 391 | I39: 0 | J39: 0 | K39: 0 | L39: 1 | M39: 391 | N39: 0 | O39: 0 | P39: 0
A40: 46186 | B40: SND | C40: #2 | D40: Toppings | E40: Coconut Chips | F40: 130g/box | G40: 0 | H40: 150 | I40: 0 | J40: 0 | K40: 0 | L40: 0 | M40: 150 | N40: 0 | O40: 0 | P40: 0
... A54: 46186 | B54: SND | C54: #2 | D54: Sauces | E54: Peanut Butter Sauce | F54: 1,000g/pack | G54: 2 | H54: 366 | I54: 0 | J54: 0 | K54: 0 | L54: 2 | M54: 366 | N54: 0 | O54: 0 | P54: 0
A55: 46186 | B55: SND | C55: #3 | D55: CUP/ถ้วย | E55: Cup P (5oz) | F55: 50/pack | G55: 0 | H55: 48 | I55: 1 | J55: 0 | K55: 0 | L55: 1 | M55: 48 | N55: 0 | O55: 0
A56: 46186 | B56: SND | C56: #3 | D56: CUP/ถ้วย | E56: Cup S (9oz) | F56: 50/pack | G56: 1 | H56: 43 | I56: 0 | J56: 0 | K56: 0 | L56: 1 | M56: 40 | N56: 0 | O56: 0
A57: 46186 | B57: SND | C57: #3 | D57: CUP/ถ้วย | E57: Small Bowl | F57: 50/pack | G57: 0 | H57: 45 | I57: 1 | J57: 0 | K57: 0 | L57: 1 | M57: 45 | N57: 0 | O57: 0
A58: 46186 | B58: SND | C58: #3 | D58: CUP/ถ้วย | E58: Cup (14oz) | F58: 50/pack | G58: 2 | H58: 10 | I58: 0 | J58: 0 | K58: 0 | L58: 2 | M58: 7 | N58: 0 | O58: 0
A59: 46186 | B59: SND | C59: #3 | D59: CUP/ถ้วย | E59: 🔢 รวมถ้วยทั้งหมด | F59: ชิ้น | G59: 150 | H59: 146 | I59: 2 | J59: 0 | L59: 250 | M59: 140 | N59: 0 | P59: =#VALUE! -> #VALUE!
A60: 46186 | B60: SND | G60: 296 | I60: 100 | K60: 6 | L60: 390
A61: 46186 | B61: SND | C61: #3 | D61: TOPPING CUP | E61: Cup 3oz (Topping) | F61: 50/pack | G61: 2 | H61: 0 | I61: 0 | J61: 0 | K61: 0 | L61: 2 | M61: 0 | N61: 0 | O61: 0 | P61: 0
A62: 46186 | B62: SND | C62: #3 | D62: TOPPING CUP | E62: Cup+Lid (Big) 3oz | F62: 50/pack | G62: 2 | H62: 0 | I62: 0 | J62: 0 | K62: 0 | L62: 2 | M62: 0 | N62: 0 | O62: 0 | P62: 0
A63: 46186 | B63: SND | C63: #3 | D63: TOPPING CUP | E63: Cup+Lid (Small) 1oz | F63: 50/pack | G63: 2 | H63: 0 | I63: 0 | J63: 0 | K63: 0 | L63: 2 | M63: 0 | N63: 0 | O63: 0 | P63: 0
A64: 46186 | B64: SND | C64: #3 | D64: LID/ฝา | E64: Bowl Lid | F64: 50/pack | G64: 1 | H64: 0 | I64: 1 | J64: 0 | K64: 0 | L64: 2 | M64: 0 | N64: 0 | O64: 0 | P64: 0
A65: 46186 | B65: SND | C65: #3 | D65: LID/ฝา | E65: Smoothies Lid | F65: 50/pack | G65: 1 | H65: 0 | I65: 1 | J65: 0 | K65: 0 | L65: 2 | M65: 0 | N65: 0 | O65: 0 | P65: 0
A66: 46186 | B66: SND | C66: #3 | D66: LID/ฝา | E66: Lid S (92) | F66: 50/pack | G66: 2 | H66: 0 | I66: 0 | J66: 0 | K66: 0 | L66: 2 | M66: 0 | N66: 0 | O66: 0 | P66: 0
A67: 46186 | B67: SND | C67: #3 | D67: LID/ฝา | E67: Lid Top / Lid P (75) | F67: 50/pack | G67: 1 | H67: 0 | I67: 1 | J67: 0 | K67: 0 | L67: 2 | M67: 0 | N67: 0 | O67: 0 | P67: 0
A68: 46186 | B68: SND | C68: #3 | D68: SPOON/ช้อน | E68: Wood Spoon in bag | F68: 100/pack | G68: 1 | H68: 0 | I68: 1 | J68: 0 | K68: 0 | L68: 2 | M68: 0 | N68: 0 | O68: 0 | P68: 0
A69: 46186 | B69: SND | C69: #3 | D69: SPOON/ช้อน | E69: Wood Spoon | F69: 100/pack | G69: 4 | H69: 0 | I69: 0 | J69: 0 | K69: 0 | L69: 4 | M69: 0 | N69: 0 | O69: 0 | P69: 0
A70: 46186 | B70: SND | C70: #3 | D70: SPOON/ช้อน | E70: Tester Spoon ช้อนชิม | F70: 100/pack | G70: 2 | H70: 0 | I70: 0 | J70: 0 | K70: 0 | L70: 2 | M70: 0 | N70: 0 | O70: 0 | P70: 0
A71: 46186 | B71: SND | C71: #3 | D71: SPOON/ช้อน | E71: Short Spoon (ช้อนถ้วยP) | F71: 100/pack | G71: 2 | H71: 0 | I71: 0 | J71: 0 | K71: 0 | L71: 2 | M71: 0 | N71: 0 | O71: 0 | P71: 0
A72: 46186 | B72: SND | C72: #3 | D72: SPOON/ช้อน | E72: Straw/หลอด - ใหญ่ | F72: 100/pack | G72: 2 | H72: 0 | I72: 0 | J72: 0 | K72: 0 | L72: 2 | M72: 0 | N72: 0 | O72: 0 | P72: 0
... A77: 46186 | B77: SND | C77: #3 | D77: BAG/ถุง | E77: ถุงกระดาษใหญ่ | F77: ใบ | G77: 0 | H77: 22 | I77: 0 | J77: 0 | K77: 0 | L77: 0 | M77: 21 | N77: 0 | O77: 0 | P77: 0
A78: 46186 | B78: SND | C78: #3 | D78: BAG/ถุง | E78: กระดาษกันหก | F78: ห่อ (500ชิ้น)
A79: 46186 | B79: SND | C79: #3 | D79: BAG/ถุง | E79: ฟอยล์แก้ว | F79: แพ็ค | G79: 0 | H79: 33 | I79: 0 | J79: 20 | K79: 0 | L79: 0 | M79: 33 | N79: 0 | O79: 0 | P79: 0
A80: 46186 | B80: SND | C80: #3 | D80: BAG/ถุง | E80: ฐานรองแก้วเดี่ยว | F80: อัน | G80: 0 | H80: 36 | I80: 0 | J80: 0 | K80: 0 | L80: 0 | M80: 36 | N80: 0 | O80: 0 | P80: 0
A81: 46186 | B81: SND | C81: #3 | D81: BAG/ถุง | E81: ฐานรองแก้ว (คู่) | F81: อัน | G81: 0 | H81: 34 | I81: 0 | J81: 0 | K81: 0 | L81: 0 | M81: 33 | N81: 0 | O81: 0 | P81: 0
A82: 46186 | B82: SND | C82: #3 | D82: BAG/ถุง | E82: Zip Bag Small / ถุงซิป | F82: Pack | G82: 2 | H82: 0 | I82: 0 | J82: 0 | K82: 0 | L82: 2 | M82: 0 | N82: 0 | O82: 0 | P82: 0
A83: 46186 | B83: SND | C83: #3 | D83: BAG/ถุง | E83: Bag 4x14 | F83: Pack | G83: 2 | H83: 0 | I83: 0 | J83: 0 | K83: 0 | L83: 2 | M83: 0 | N83: 0 | O83: 0 | P83: 0
A84: 46186 | B84: SND | C84: #3 | D84: BAG/ถุง | E84: Bag 6x14 | F84: Pack | G84: 2 | H84: 0 | I84: 0 | J84: 0 | K84: 0 | L84: 2 | M84: 0 | N84: 0 | O84: 0 | P84: 0
A85: 46186 | B85: SND | C85: #3 | D85: BAG/ถุง | E85: Bag 8x14 | F85: Pack | G85: 2 | H85: 0 | I85: 0 | J85: 0 | K85: 0 | L85: 2 | M85: 0 | N85: 0 | O85: 0 | P85: 0
A86: 46186 | B86: SND | C86: #3 | D86: BAG/ถุง | E86: Bag 9x14 | F86: Pack | G86: 2 | H86: 0 | I86: 0 | J86: 0 | K86: 0 | L86: 2 | M86: 0 | N86: 0 | O86: 0 | P86: 0
A87: 46186 | B87: SND | C87: #3 | D87: STICKER | E87: Bag Sticker สติ๊กเกอร์ลิ้น | F87: Sheet | G87: 0 | H87: 3 | I87: 0 | J87: 0 | K87: 0 | L87: 0 | M87: 3 | N87: 0 | O87: 0 | P87: 0 | R87: =#NAME? -> #NAME?
A88: 46186 | B88: SND | C88: #3 | D88: STICKER | E88: Sticker Roll (สก๊อตเทป) | F88: Roll | G88: 0 | H88: 2 | I88: 0 | J88: 0 | K88: 0 | L88: 0 | M88: 2 | N88: 0 | O88: 0 | P88: 0 | R88: =#NAME? -> #NAME?
A89: 46186 | B89: SND | C89: #3 | D89: ของใช้ | E89: Print Paper กระดาษปริ้น | F89: Roll | G89: 0 | H89: 2 | P89: =#VALUE! -> #VALUE!
A90: 46186 | B90: SND | C90: #3 | D90: ของใช้ | E90: Gloves YG / ถุงมือ | F90: Box | G90: 1 | H90: 0 | I90: 0 | J90: 0 | K90: 0 | L90: 2 | M90: 0 | N90: 0 | O90: 0 | P90: -1
A91: 46186 | B91: SND | C91: #3 | D91: ของใช้ | E91: Black Bag 30x40 / ถุงขยะ | F91: Roll | G91: 1 | H91: 0 | I91: 0 | J91: 0 | K91: 0 | L91: 1 | M91: 0 | N91: 0 | O91: 0 | P91: 0
A92: 46186 | B92: SND | C92: #3 | D92: ของใช้ | E92: Dry Tissue / ทิชชู่แห้ง | F92: Pack | G92: 3 | H92: 0 | I92: 0 | J92: 0 | K92: 0 | L92: 1 | M92: 0 | N92: 0 | O92: 0 | P92: 2
A93: 46186 | B93: SND | C93: #3 | D93: ของใช้ | E93: Wet Tissue / ทิชชู่เปียก | F93: Pack | G93: 3 | H93: 0 | I93: 0 | J93: 0 | K93: 0 | L93: 2 | M93: 0 | N93: 0 | O93: 0 | P93: 1
A94: 46186 | B94: SND | C94: #3 | D94: ของใช้ | E94: Tissue ทิชชู่ลูกค้า | F94: Pack | G94: 0 | H94: 0 | I94: 0 | J94: 0 | K94: 0 | L94: 3 | M94: 0 | N94: 0 | O94: 0 | P94: -3
A95: 46186 | B95: SND | C95: #3 | D95: น้ำยาทำความสะอาด | E95: น้ำยาถูพื้น | F95: - | G95: 1 | H95: 0 | I95: 0 | J95: 0 | K95: 0 | L95: 1 | M95: 0 | N95: 0 | O95: 0 | P95: 0
A96: 46186 | B96: SND | C96: #3 | D96: น้ำยาทำความสะอาด | E96: น้ำยาตัดไขมัน | F96: - | G96: 1 | H96: 0 | I96: 0 | J96: 0 | K96: 0 | L96: 1 | M96: 0 | N96: 0 | O96: 0 | P96: 0
A97: 46186 | B97: SND | C97: #3 | D97: น้ำยาทำความสะอาด | E97: น้ำยาล้างจาน | F97: - | G97: 2 | H97: 0 | I97: 0 | J97: 0 | K97: 0 | L97: 2 | M97: 0 | N97: 0 | O97: 0 | P97: 0
A98: 46186 | B98: SND | C98: #3 | D98: น้ำยาทำความสะอาด | E98: น้ำยาอเนกประสงค์ | F98: - | G98: 1 | H98: 0 | I98: 0 | J98: 0 | K98: 0 | L98: 1 | M98: 0 | N98: 0 | O98: 0 | P98: 0
A99: 46186 | B99: SND | C99: #3 | D99: น้ำยาทำความสะอาด | E99: น้ำยาล้างเครื่องไอดิม | F99: -
A100: 46186 | B100: SND | C100: #4 | D100: Smoothies (Pre-packed) | E100: Wake up call (Banana) | F100: 10ถุง/Pack | G100: 0 | H100: 9 | I100: 0 | J100: 0 | K100: 0 | L100: 0 | M100: 9 | N100: 0 | O100: 0 | P100: 0
A101: 46186 | B101: SND | C101: #4 | D101: Smoothies (Pre-packed) | E101: Energy Sip (Straw+Banana) | F101: 10ถุง/Pack | G101: 0 | H101: 9 | I101: 0 | J101: 10 | K101: 0 | L101: 0 | M101: 19 | N101: 0 | O101: 0 | P101: 0
A102: 46186 | B102: SND | C102: #4 | D102: Smoothies (Pre-packed) | E102: Yellow Madness (Pineapple+Mango+Passion) | F102: 10ถุง/Pack | G102: 0 | H102: 12 | I102: 0 | J102: 0 | K102: 0 | L102: 0 | M102: 12 | N102: 0 | O102: 0 | P102: 0
A103: 46186 | B103: SND | C103: #4 | D103: Smoothies (Pre-packed) | E103: Ready to Glow (Straw+Blue+Banana) | F103: 10ถุง/Pack | G103: 0 | H103: 16 | I103: 0 | J103: 0 | K103: 0 | L103: 0 | M103: 16 | N103: 0 | O103: 0 | P103: 0
A104: 46186 | B104: SND | C104: #4 | D104: Yogurt Smoothies Powder | E104: ผงโกโก้ (COCOA) | F104: Bag | G104: 0 | H104: 270 | I104: 1 | J104: 0 | K104: 0 | L104: 1 | M104: 270 | N104: 0 | O104: 0 | P104: 0
A105: 46186 | B105: SND | C105: #4 | D105: Yogurt Smoothies Powder | E105: ผงมาคิ (MAQUI) | F105: Bag | G105: 1 | H105: 7 | I105: 0 | J105: 0 | K105: 0 | L105: 1 | M105: 7 | N105: 0 | O105: 0 | P105: 0
A106: 46186 | B106: SND | C106: #4 | D106: Yogurt Smoothies Powder | E106: ผงคาม (CAMU) | F106: Bag | G106: 1 | H106: 56 | I106: 0 | J106: 0 | K106: 0 | L106: 1 | M106: 56 | N106: 0 | O106: 0 | P106: 0
A107: 46186 | B107: SND | C107: #4 | D107: Yogurt Smoothies Powder | E107: น้ำเชื่อม (Syrup) | F107: Bottle | G107: 1 | H107: 60 | I107: 0 | J107: 0 | K107: 0 | L107: 1 | M107: 60 | N107: 0 | O107: 0 | P107: 0
A108: 46186 | B108: SND | C108: #4 | D108: Yogurt Shake | E108: Biscoff Spread เล็ก | F108: Bottle | G108: 1 | H108: 332 | I108: 1 | J108: 0 | K108: 0 | L108: 2 | M108: 272 | N108: 0 | O108: 0 | P108: 0
A109: 46186 | B109: SND | C109: #4 | D109: Yogurt Shake | E109: Biscoff Spread ใหญ่ | F109: Bottle | G109: 0 | H109: 0 | I109: 0 | J109: 0 | K109: 0 | L109: 0 | M109: 0 | N109: 0 | O109: 0 | P109: 0
A110: 46186 | B110: SND | C110: #4 | D110: Yogurt Shake | E110: ซอส Chocolate | F110: 500/Bag | G110: 1 | H110: 265 | I110: 0 | J110: 0 | K110: 0 | L110: 1 | M110: 265 | N110: 0 | O110: 0 | P110: 0
A111: 46186 | B111: SND | C111: #4 | D111: Yogurt Shake | E111: ซอส Strawberry | F111: 500/Bag | G111: 1 | H111: 446 | I111: 0 | J111: 0 | K111: 0 | L111: 1 | M111: 446 | N111: 0 | O111: 0 | P111: 0
A112: 46186 | B112: SND | C112: #4 | D112: Yogurt Shake | E112: ปีโป้ | F112: 40 อัน/Bag | G112: 1 | H112: 29 | I112: 0 | J112: 0 | K112: 0 | L112: 1 | M112: 29 | N112: 0 | O112: 0
A113: 46186 | B113: SND | C113: #4 | D113: Yogurt Shake | E113: ปีโป้ลิ้นจี่ | F113: กล่อง | G113: 1 | H113: 98 | I113: 0 | J113: 0 | K113: 0 | L113: 1 | M113: 98 | N113: 0 | O113: 0 | P113: 0
A114: 46186 | B114: SND | C114: #4 | D114: Softserve Toppings | E114: พิสตาชิโอ้เครป
A115: 46186 | B115: SND | C115: #4 | D115: Softserve Toppings | E115: พิสตาชิโอ้บัตเตอร์
A116: 46174 | B116: NVP | C116: #4 | D116: Softserve Toppings | E116: พิสตาชิโอ้ท๊อปปิ้ง | G116: 0 | H116: 540 | M116: 540 | P116: 0
A117: 46186 | B117: SND | C117: #2 | D117: Fruits | E117: Blueberry (300g) | G117: 3 | H117: 117 | I117: 0 | J117: 0 | K117: 0 | L117: 3 | M117: 110 | N117: 0 | O117: 0
...

Sheet 📝 กรอกข้อมูล
A1: 📝 กรอกข้อมูลสต็อครายวัน | เปลี่ยน B2=วันที่ / E2=สาขา แล้วข้อมูลเปลี่ยนตาม | กรอกข้อมูลใหม่: พิมพ์ทับช่องสีได้เลย | พอครบบอก Claude: 'บันทึก [DD/MM] [สาขา]'
A2: วันที่: | B2: 46217 | D2: สาขา: | E2: SND
A3: หมวด | B3: รายการ | C3: หน่วย | D3: ยกมา (แพ็ค) | E3: ยกมา (ชิ้น/g) | F3: รับเข้า (แพ็ค) | G3: รับเข้า (ชิ้น/g) | H3: ขายไป /ใช้ไป | I3: คงเหลือ (แพ็ค) | J3: คงเหลือ (ชิ้น/g) | K3: ส่งคืน | L3: หมายเหตุ
A4: Yogurt 1kg/Box | B4: Greek Yogurt 1kg | C4: 1kg/Box | D4: =IFERROR(IF(INDEX(บันทึกสต็อครายวัน!$D$122:$D$9999,MATCH(TEXT($B$2,"YYYYMMDD")&"|"&$E$2&"|"&B4,บันทึกสต็อครายวัน!$M$122:$M$9999,0))="",IFERROR(IF(SUMPRODUCT(MAX((บันทึกสต็อครายวัน!$A$122:$A$9999<$B$2)*(บันทึกสต็อครายวัน!$B$122:$B$9999=$E$2)*(บันทึกสต็อครายวัน!$C$122:$C$9999=B4)*บันทึกสต็อครายวัน!$A$122:$A$9999))=0,"",INDEX(บันทึกสต็อครายวัน!$I$122:$I$9999,MATCH(TEXT(SUMPRODUCT(MAX((บันทึกสต็อครายวัน!$A$122:$A$9999<$B$2)*(บันทึกสต็อครายวัน!$B$122:$B$9999=$E$2)*(บันทึกสต็อครายวัน!$C$122:$C$9999=B4)*บันทึกสต็อครายวัน!$A$122:$A$9999)),"YYYYMMDD")&"|"&$E$2&"|"&B4,บันทึกสต็อครายวัน!$M$122:$M$9999,0))),""),INDEX(บันทึกสต็อครายวัน!$D$122:$D$9999,MATCH(TEXT($B$2,"YYYYMMDD")&"|"&$E$2&"|"&B4,บันทึกสต็อครายวัน!$M$122:$M$9999,0))),IFERROR(IF(SUMPRODUCT(MAX((บันทึกสต็อครายวัน!$A$122:$A$9999<$B$2)*(บันทึกสต็อครายวัน!$B$122:$B$9999=$E$2)*(บันทึกสต็อครายวัน!$C$122:$C$9999=B4)*บันทึกสต็อครายวัน!$A$122:$A$9999))=0,"",INDEX(บันทึกสต็อครายวัน!$I$122:$I$9999,MATCH(TEXT(SUMPRODUCT(MAX((บันทึกสต็อครายวัน!$A$122:$A$9999<$B$2)*(บันทึกสต็อครายวัน!$B$122:$B$9999=$E$2)*(บันทึกสต็อครายวัน!$C$122:$C$9999=B4)*บันทึกสต็อครายวัน!$A$122:$A$9999)),"YYYYMMDD")&"|"&$E$2&"|"&B4,บันทึกสต็อครายวัน!$M$122:$M$9999,0))),"")) -> 3 | E4: =IFERROR(IF(INDEX(บันทึกสต็อครายวัน!$E$122:$E$9999,MATCH(TEXT($B$2,"YYYYMMDD")&"|"&$E$2&"|"&B4,บันทึกสต็อครายวัน!$M$122:$M$9999,0))="",IFERROR(IF(SUMPRODUCT(MAX((บันทึกสต็อครายวัน!$A$122:$A$9999<$B$2)*(บันทึกสต็อครายวัน!$B$122:$B$9999=$E$2)*(บันทึกสต็อครายวัน!$C$122:$C$9999=B4)*บันทึกสต็อครายวัน!$A$122:$A$9999))=0,"",INDEX(บันทึกสต็อครายวัน!$J$122:$J$9999,MATCH(TEXT(SUMPRODUCT(MAX((บันทึกสต็อครายวัน!$A$122:$A$9999<$B$2)*(บันทึกสต็อครายวัน!$B$122:$B$9999=$E$2)*(บันทึกสต็อครายวัน!$C$122:$C$9999=B4)*บันทึกสต็อครายวัน!$A$122:$A$9999)),"YYYYMMDD")&"|"&$E$2&"|"&B4,บันทึกสต็อครายวัน!$M$122:$M$9999,0))),""),INDEX(บันทึกสต็อครายวัน!$E$122:$E$9999,MATCH(TEXT($B$2,"YYYYMMDD")&"|"&$E$2&"|"&B4,บันทึกสต็อครายวัน!$M$122:$M$9999,0))),IFERROR(IF(SUMPRODUCT(MAX((บันทึกสต็อครายวัน!$A$122:$A$9999<$B$2)*(บันทึกสต็อครายวัน!$B$122:$B$9999=$E$2)*(บันทึกสต็อครายวัน!$C$122:$C$9999=B4)*บันทึกสต็อครายวัน!$A$122:$A$9999))=0,"",INDEX(บันทึกสต็อครายวัน!$J$122:$J$9999,MATCH(TEXT(SUMPRODUCT(MAX((บันทึกสต็อครายวัน!$A$122:$A$9999<$B$2)*(บันทึกสต็อครายวัน!$B$122:$B$9999=$E$2)*(บันทึกสต็อครายวัน!$C$122:$C$9999=B4)*บันทึกสต็อครายวัน!$A$122:$A$9999)),"YYYYMMDD")&"|"&$E$2&"|"&B4,บันทึกสต็อครายวัน!$M$122:$M$9999,0))),"")) -> 750 | F4: =IFERROR(IF(ISBLANK(INDEX(บันทึกสต็อครายวัน!$F$122:$F$9999,MATCH(TEXT($B$2,"YYYYMMDD")&"|"&$E$2&"|"&B4,บันทึกสต็อครายวัน!$M$122:$M$9999,0))),"",INDEX(บันทึกสต็อครายวัน!$F$122:$F$9999,MATCH(TEXT($B$2,"YYYYMMDD")&"|"&$E$2&"|"&B4,บันทึกสต็อครายวัน!$M$122:$M$9999,0))),"") | G4: =IFERROR(IF(ISBLANK(INDEX(บันทึกสต็อครายวัน!$G$122:$G$9999,MATCH(TEXT($B$2,"YYYYMMDD")&"|"&$E$2&"|"&B4,บันทึกสต็อครายวัน!$M$122:$M$9999,0))),"",INDEX(บันทึกสต็อครายวัน!$G$122:$G$9999,MATCH(TEXT($B$2,"YYYYMMDD")&"|"&$E$2&"|"&B4,บันทึกสต็อครายวัน!$M$122:$M$9999,0))),"") | H4: =IFERROR(IF(ISBLANK(INDEX(บันทึกสต็อครายวัน!$H$122:$H$9999,MATCH(TEXT($B$2,"YYYYMMDD")&"|"&$E$2&"|"&B4,บันทึกสต็อครายวัน!$M$122:$M$9999,0))),"",INDEX(บันทึกสต็อครายวัน!$H$122:$H$9999,MATCH(TEXT($B$2,"YYYYMMDD")&"|"&$E$2&"|"&B4,บันทึกสต็อครายวัน!$M$122:$M$9999,0))),"") | I4: =IFERROR(IF(ISBLANK(INDEX(บันทึกสต็อครายวัน!$I$122:$I$9999,MATCH(TEXT($B$2,"YYYYMMDD")&"|"&$E$2&"|"&B4,บันทึกสต็อครายวัน!$M$122:$M$9999,0))),"",INDEX(บันทึกสต็อครายวัน!$I$122:$I$9999,MATCH(TEXT($B$2,"YYYYMMDD")&"|"&$E$2&"|"&B4,บันทึกสต็อครายวัน!$M$122:$M$9999,0))),"") | J4: =IFERROR(IF(ISBLANK(INDEX(บันทึกสต็อครายวัน!$J$122:$J$9999,MATCH(TEXT($B$2,"YYYYMMDD")&"|"&$E$2&"|"&B4,บันทึกสต็อครายวัน!$M$122:$M$9999,0))),"",INDEX(บันทึกสต็อครายวัน!$J$122:$J$9999,MATCH(TEXT($B$2,"YYYYMMDD")&"|"&$E$2&"|"&B4,บันทึกสต็อครายวัน!$M$122:$M$9999,0))),"") | K4: =IFERROR(IF(ISBLANK(INDEX(บันทึกสต็อครายวัน!$K$122:$K$9999,MATCH(TEXT($B$2,"YYYYMMDD")&"|"&$E$2&"|"&B4,บันทึกสต็อครายวัน!$M$122:$M$9999,0))),"",INDEX(บันทึกสต็อครายวัน!$K$122:$K$9999,MATCH(TEXT($B$2,"YYYYMMDD")&"|"&$E$2&"|"&B4,บันทึกสต็อครายวัน!$M$122:$M$9999,0))),"") | L4: =IFERROR(IF(ISBLANK(INDEX(บันทึกสต็อครายวัน!$L$122:$L$9999,MATCH(TEXT($B$2,"YYYYMMDD")&"|"&$E$2&"|"&B4,บันทึกสต็อครายวัน!$M$122:$M$9999,0))),"",INDEX(บันทึกสต็อครายวัน!$L$122:$L$9999,MATCH(TEXT($B$2,"YYYYMMDD")&"|"&$E$2&"|"&B4,บันทึกสต็อครายวัน!$M$122:$M$9999,0))),"")
A5: Yogurt 1kg/Box | B5: Yuzu | C5: 1kg/Box | D5: =IFERROR(IF(INDEX(บันทึกสต็อครายวัน!$D$122:$D$9999,MATCH(TEXT($B$2,"YYYYMMDD")&"|"&$E$2&"|"&B5,บันทึกสต็อครายวัน!$M$122:$M$9999,0))="",IFERROR(IF(SUMPRODUCT(MAX((บันทึกสต็อครายวัน!$A$122:$A$9999<$B$2)*(บันทึกสต็อครายวัน!$B$122:$B$9999=$E$2)*(บันทึกสต็อครายวัน!$C$122:$C$9999=B5)*บันทึกสต็อครายวัน!$A$122:$A$9999))=0,"",INDEX(บันทึกสต็อครายวัน!$I$122:$I$9999,MATCH(TEXT(SUMPRODUCT(MAX((บันทึกสต็อครายวัน!$A$122:$A$9999<$B$2)*(บันทึกสต็อครายวัน!$B$122:$B$9999=$E$2)*(บันทึกสต็อครายวัน!$C$122:$C$9999=B5)*บันทึกสต็อครายวัน!$A$122:$A$9999)),"YYYYMMDD")&"|"&$E$2&"|"&B5,บันทึกสต็อครายวัน!$M$122:$M$9999,0))),""),INDEX(บันทึกสต็อครายวัน!$D$122:$D$9999,MATCH(TEXT($B$2,"YYYYMMDD")&"|"&$E$2&"|"&B5,บันทึกสต็อครายวัน!$M$122:$M$9999,0))),IFERROR(IF(SUMPRODUCT(MAX((บันทึกสต็อครายวัน!$A$122:$A$9999<$B$2)*(บันทึกสต็อครายวัน!$B$122:$B$9999=$E$2)*(บันทึกสต็อครายวัน!$C$122:$C$9999=B5)*บันทึกสต็อครายวัน!$A$122:$A$9999))=0,"",INDEX(บันทึกสต็อครายวัน!$I$122:$I$9999,MATCH(TEXT(SUMPRODUCT(MAX((บันทึกสต็อครายวัน!$A$122:$A$9999<$B$2)*(บันทึกสต็อครายวัน!$B$122:$B$9999=$E$2)*(บันทึกสต็อครายวัน!$C$122:$C$9999=B5)*บันทึกสต็อครายวัน!$A$122:$A$9999)),"YYYYMMDD")&"|"&$E$2&"|"&B5,บันทึกสต็อครายวัน!$M$122:$M$9999,0))),"")) -> 1 | E5: =IFERROR(IF(INDEX(บันทึกสต็อครายวัน!$E$122:$E$9999,MATCH(TEXT($B$2,"YYYYMMDD")&"|"&$E$2&"|"&B5,บันทึกสต็อครายวัน!$M$122:$M$9999,0))="",IFERROR(IF(SUMPRODUCT(MAX((บันทึกสต็อครายวัน!$A$122:$A$9999<$B$2)*(บันทึกสต็อครายวัน!$B$122:$B$9999=$E$2)*(บันทึกสต็อครายวัน!$C$122:$C$9999=B5)*บันทึกสต็อครายวัน!$A$122:$A$9999))=0,"",INDEX(บันทึกสต็อครายวัน!$J$122:$J$9999,MATCH(TEXT(SUMPRODUCT(MAX((บันทึกสต็อครายวัน!$A$122:$A$9999<$B$2)*(บันทึกสต็อครายวัน!$B$122:$B$9999=$E$2)*(บันทึกสต็อครายวัน!$C$122:$C$9999=B5)*บันทึกสต็อครายวัน!$A$122:$A$9999)),"YYYYMMDD")&"|"&$E$2&"|"&B5,บันทึกสต็อครายวัน!$M$122:$M$9999,0))),""),INDEX(บันทึกสต็อครายวัน!$E$122:$E$9999,MATCH(TEXT($B$2,"YYYYMMDD")&"|"&$E$2&"|"&B5,บันทึกสต็อครายวัน!$M$122:$M$9999,0))),IFERROR(IF(SUMPRODUCT(MAX((บันทึกสต็อครายวัน!$A$122:$A$9999<$B$2)*(บันทึกสต็อครายวัน!$B$122:$B$9999=$E$2)*(บันทึกสต็อครายวัน!$C$122:$C$9999=B5)*บันทึกสต็อครายวัน!$A$122:$A$9999))=0,"",INDEX(บันทึกสต็อครายวัน!$J$122:$J$9999,MATCH(TEXT(SUMPRODUCT(MAX((บันทึกสต็อครายวัน!$A$122:$A$9999<$B$2)*(บันทึกสต็อครายวัน!$B$122:$B$9999=$E$2)*(บันทึกสต็อครายวัน!$C$122:$C$9999=B5)*บันทึกสต็อครายวัน!$A$122:$A$9999)),"YYYYMMDD")&"|"&$E$2&"|"&B5,บันทึกสต็อครายวัน!$M$122:$M$9999,0))),"")) -> 616 | F5: =IFERROR(IF(ISBLANK(INDEX(บันทึกสต็อครายวัน!$F$122:$F$9999,MATCH(TEXT($B$2,"YYYYMMDD")&"|"&$E$2&"|"&B5,บันทึกสต็อครายวัน!$M$122:$M$9999,0))),"",INDEX(บันทึกสต็อครายวัน!$F$122:$F$9999,MATCH(TEXT($B$2,"YYYYMMDD")&"|"&$E$2&"|"&B5,บันทึกสต็อครายวัน!$M$122:$M$9999,0))),"") | G5: =IFERROR(IF(ISBLANK(INDEX(บันทึกสต็อครายวัน!$G$122:$G$9999,MATCH(TEXT($B$2,"YYYYMMDD")&"|"&$E$2&"|"&B5,บันทึกสต็อครายวัน!$M$122:$M$9999,0))),"",INDEX(บันทึกสต็อครายวัน!$G$122:$G$9999,MATCH(TEXT($B$2,"YYYYMMDD")&"|"&$E$2&"|"&B5,บันทึกสต็อครายวัน!$M$122:$M$9999,0))),"") | H5: =IFERROR(IF(ISBLANK(INDEX(บันทึกสต็อครายวัน!$H$122:$H$9999,MATCH(TEXT($B$2,"YYYYMMDD")&"|"&$E$2&"|"&B5,บันทึกสต็อครายวัน!$M$122:$M$9999,0))),"",INDEX(บันทึกสต็อครายวัน!$H$122:$H$9999,MATCH(TEXT($B$2,"YYYYMMDD")&"|"&$E$2&"|"&B5,บันทึกสต็อครายวัน!$M$122:$M$9999,0))),"") | I5: =IFERROR(IF(ISBLANK(INDEX(บันทึกสต็อครายวัน!$I$122:$I$9999,MATCH(TEXT($B$2,"YYYYMMDD")&"|"&$E$2&"|"&B5,บันทึกสต็อครายวัน!$M$122:$M$9999,0))),"",INDEX(บันทึกสต็อครายวัน!$I$122:$I$9999,MATCH(TEXT($B$2,"YYYYMMDD")&"|"&$E$2&"|"&B5,บันทึกสต็อครายวัน!$M$122:$M$9999,0))),"") | J5: =IFERROR(IF(ISBLANK(INDEX(บันทึกสต็อครายวัน!$J$122:$J$9999,MATCH(TEXT($B$2,"YYYYMMDD")&"|"&$E$2&"|"&B5,บันทึกสต็อครายวัน!$M$122:$M$9999,0))),"",INDEX(บันทึกสต็อครายวัน!$J$122:$J$9999,MATCH(TEXT($B$2,"YYYYMMDD")&"|"&$E$2&"|"&B5,บันทึกสต็อครายวัน!$M$122:$M$9999,0))),"") | K5: =IFERROR(IF(ISBLANK(INDEX(บันทึกสต็อครายวัน!$K$122:$K$9999,MATCH(TEXT($B$2,"YYYYMMDD")&"|"&$E$2&"|"&B5,บันทึกสต็อครายวัน!$M$122:$M$9999,0))),"",INDEX(บันทึกสต็อครายวัน!$K$122:$K$9999,MATCH(TEXT($B$2,"YYYYMMDD")&"|"&$E$2&"|"&B5,บันทึกสต็อครายวัน!$M$122:$M$9999,0))),"") | L5: =IFERROR(IF(ISBLANK(INDEX(บันทึกสต็อครายวัน!$L$122:$L$9999,MATCH(TEXT($B$2,"YYYYMMDD")&"|"&$E$2&"|"&B5,บันทึกสต็อครายวัน!$M$122:$M$9999,0))),"",INDEX(บันทึกสต็อครายวัน!$L$122:$L$9999,MATCH(TEXT($B$2,"YYYYMMDD")&"|"&$E$2&"|"&B5,บันทึกสต็อครายวัน!$M$122:$M$9999,0))),"")
A6: Yogurt 1kg/Box | B6: Kyoho | C6: 1kg/Box | D6: =IFERROR(IF(INDEX(บันทึกสต็อครายวัน!$D$122:$D$9999,MATCH(TEXT($B$2,"YYYYMMDD")&"|"&$E$2&"|"&B6,บันทึกสต็อครายวัน!$M$122:$M$9999,0))="",IFERROR(IF(SUMPRODUCT(MAX((บันทึกสต็อครายวัน!$A$122:$A$9999<$B$2)*(บันทึกสต็อครายวัน!$B$122:$B$9999=$E$2)*(บันทึกสต็อครายวัน!$C$122:$C$9999=B6)*บันทึกสต็อครายวัน!$A$122:$A$9999))=0,"",INDEX(บันทึกสต็อครายวัน!$I$122:$I$9999,MATCH(TEXT(SUMPRODUCT(MAX((บันทึกสต็อครายวัน!$A$122:$A$9999<$B$2)*(บันทึกสต็อครายวัน!$B$122:$B$9999=$E$2)*(บันทึกสต็อครายวัน!$C$122:$C$9999=B6)*บันทึกสต็อครายวัน!$A$122:$A$9999)),"YYYYMMDD")&"|"&$E$2&"|"&B6,บันทึกสต็อครายวัน!$M$122:$M$9999,0))),""),INDEX(บันทึกสต็อครายวัน!$D$122:$D$9999,MATCH(TEXT($B$2,"YYYYMMDD")&"|"&$E$2&"|"&B6,บันทึกสต็อครายวัน!$M$122:$M$9999,0))),IFERROR(IF(SUMPRODUCT(MAX((บันทึกสต็อครายวัน!$A$122:$A$9999<$B$2)*(บันทึกสต็อครายวัน!$B$122:$B$9999=$E$2)*(บันทึกสต็อครายวัน!$C$122:$C$9999=B6)*บันทึกสต็อครายวัน!$A$122:$A$9999))=0,"",INDEX(บันทึกสต็อครายวัน!$I$122:$I$9999,MATCH(TEXT(SUMPRODUCT(MAX((บันทึกสต็อครายวัน!$A$122:$A$9999<$B$2)*(บันทึกสต็อครายวัน!$B$122:$B$9999=$E$2)*(บันทึกสต็อครายวัน!$C$122:$C$9999=B6)*บันทึกสต็อครายวัน!$A$122:$A$9999)),"YYYYMMDD")&"|"&$E$2&"|"&B6,บันทึกสต็อครายวัน!$M$122:$M$9999,0))),"")) -> 1 | E6: =IFERROR(IF(INDEX(บันทึกสต็อครายวัน!$E$122:$E$9999,MATCH(TEXT($B$2,"YYYYMMDD")&"|"&$E$2&"|"&B6,บันทึกสต็อครายวัน!$M$122:$M$9999,0))="",IFERROR(IF(SUMPRODUCT(MAX((บันทึกสต็อครายวัน!$A$122:$A$9999<$B$2)*(บันทึกสต็อครายวัน!$B$122:$B$9999=$E$2)*(บันทึกสต็อครายวัน!$C$122:$C$9999=B6)*บันทึกสต็อครายวัน!$A$122:$A$9999))=0,"",INDEX(บันทึกสต็อครายวัน!$J$122:$J$9999,MATCH(TEXT(SUMPRODUCT(MAX((บันทึกสต็อครายวัน!$A$122:$A$9999<$B$2)*(บันทึกสต็อครายวัน!$B$122:$B$9999=$E$2)*(บันทึกสต็อครายวัน!$C$122:$C$9999=B6)*บันทึกสต็อครายวัน!$A$122:$A$9999)),"YYYYMMDD")&"|"&$E$2&"|"&B6,บันทึกสต็อครายวัน!$M$122:$M$9999,0))),""),INDEX(บันทึกสต็อครายวัน!$E$122:$E$9999,MATCH(TEXT($B$2,"YYYYMMDD")&"|"&$E$2&"|"&B6,บันทึกสต็อครายวัน!$M$122:$M$9999,0))),IFERROR(IF(SUMPRODUCT(MAX((บันทึกสต็อครายวัน!$A$122:$A$9999<$B$2)*(บันทึกสต็อครายวัน!$B$122:$B$9999=$E$2)*(บันทึกสต็อครายวัน!$C$122:$C$9999=B6)*บันทึกสต็อครายวัน!$A$122:$A$9999))=0,"",INDEX(บันทึกสต็อครายวัน!$J$122:$J$9999,MATCH(TEXT(SUMPRODUCT(MAX((บันทึกสต็อครายวัน!$A$122:$A$9999<$B$2)*(บันทึกสต็อครายวัน!$B$122:$B$9999=$E$2)*(บันทึกสต็อครายวัน!$C$122:$C$9999=B6)*บันทึกสต็อครายวัน!$A$122:$A$9999)),"YYYYMMDD")&"|"&$E$2&"|"&B6,บันทึกสต็อครายวัน!$M$122:$M$9999,0))),"")) -> 1180 | F6: =IFERROR(IF(ISBLANK(INDEX(บันทึกสต็อครายวัน!$F$122:$F$9999,MATCH(TEXT($B$2,"YYYYMMDD")&"|"&$E$2&"|"&B6,บันทึกสต็อครายวัน!$M$122:$M$9999,0))),"",INDEX(บันทึกสต็อครายวัน!$F$122:$F$9999,MATCH(TEXT($B$2,"YYYYMMDD")&"|"&$E$2&"|"&B6,บันทึกสต็อครายวัน!$M$122:$M$9999,0))),"") | G6: =IFERROR(IF(ISBLANK(INDEX(บันทึกสต็อครายวัน!$G$122:$G$9999,MATCH(TEXT($B$2,"YYYYMMDD")&"|"&$E$2&"|"&B6,บันทึกสต็อครายวัน!$M$122:$M$9999,0))),"",INDEX(บันทึกสต็อครายวัน!$G$122:$G$9999,MATCH(TEXT($B$2,"YYYYMMDD")&"|"&$E$2&"|"&B6,บันทึกสต็อครายวัน!$M$122:$M$9999,0))),"") | H6: =IFERROR(IF(ISBLANK(INDEX(บันทึกสต็อครายวัน!$H$122:$H$9999,MATCH(TEXT($B$2,"YYYYMMDD")&"|"&$E$2&"|"&B6,บันทึกสต็อครายวัน!$M$122:$M$9999,0))),"",INDEX(บันทึกสต็อครายวัน!$H$122:$H$9999,MATCH(TEXT($B$2,"YYYYMMDD")&"|"&$E$2&"|"&B6,บันทึกสต็อครายวัน!$M$122:$M$9999,0))),"") | I6: =IFERROR(IF(ISBLANK(INDEX(บันทึกสต็อครายวัน!$I$122:$I$9999,MATCH(TEXT($B$2,"YYYYMMDD")&"|"&$E$2&"|"&B6,บันทึกสต็อครายวัน!$M$122:$M$9999,0))),"",INDEX(บันทึกสต็อครายวัน!$I$122:$I$9999,MATCH(TEXT($B$2,"YYYYMMDD")&"|"&$E$2&"|"&B6,บันทึกสต็อครายวัน!$M$122:$M$9999,0))),"") | J6: =IFERROR(IF(ISBLANK(INDEX(บันทึกสต็อครายวัน!$J$122:$J$9999,MATCH(TEXT($B$2,"YYYYMMDD")&"|"&$E$2&"|"&B6,บันทึกสต็อครายวัน!$M$122:$M$9999,0))),"",INDEX(บันทึกสต็อครายวัน!$J$122:$J$9999,MATCH(TEXT($B$2,"YYYYMMDD")&"|"&$E$2&"|"&B6,บันทึกสต็อครายวัน!$M$122:$M$9999,0))),"") | K6: =IFERROR(IF(ISBLANK(INDEX(บันทึกสต็อครายวัน!$K$122:$K$9999,MATCH(TEXT($B$2,"YYYYMMDD")&"|"&$E$2&"|"&B6,บันทึกสต็อครายวัน!$M$122:$M$9999,0))),"",INDEX(บันทึกสต็อครายวัน!$K$122:$K$9999,MATCH(TEXT($B$2,"YYYYMMDD")&"|"&$E$2&"|"&B6,บันทึกสต็อครายวัน!$M$122:$M$9999,0))),"") | L6: =IFERROR(IF(ISBLANK(INDEX(บันทึกสต็อครายวัน!$L$122:$L$9999,MATCH(TEXT($B$2,"YYYYMMDD")&"|"&$E$2&"|"&B6,บันทึกสต็อครายวัน!$M$122:$M$9999,0))),"",INDEX(บันทึกสต็อครายวัน!$L$122:$L$9999,MATCH(TEXT($B$2,"YYYYMMDD")&"|"&$E$2&"|"&B6,บันทึกสต็อครายวัน!$M$122:$M$9999,0))),"")
A7: Yogurt 1kg/Box | B7: Mint | C7: 1kg/Box | D7: =IFERROR(IF(INDEX(บันทึกสต็อครายวัน!$D$122:$D$9999,MATCH(TEXT($B$2,"YYYYMMDD")&"|"&$E$2&"|"&B7,บันทึกสต็อครายวัน!$M$122:$M$9999,0))="",IFERROR(IF(SUMPRODUCT(MAX((บันทึกสต็อครายวัน!$A$122:$A$9999<$B$2)*(บันทึกสต็อครายวัน!$B$122:$B$9999=$E$2)*(บันทึกสต็อครายวัน!$C$122:$C$9999=B7)*บันทึกสต็อครายวัน!$A$122:$A$9999))=0,"",INDEX(บันทึกสต็อครายวัน!$I$122:$I$9999,MATCH(TEXT(SUMPRODUCT(MAX((บันทึกสต็อครายวัน!$A$122:$A$9999<$B$2)*(บันทึกสต็อครายวัน!$B$122:$B$9999=$E$2)*(บันทึกสต็อครายวัน!$C$122:$C$9999=B7)*บันทึกสต็อครายวัน!$A$122:$A$9999)),"YYYYMMDD")&"|"&$E$2&"|"&B7,บันทึกสต็อครายวัน!$M$122:$M$9999,0))),""),INDEX(บันทึกสต็อครายวัน!$D$122:$D$9999,MATCH(TEXT($B$2,"YYYYMMDD")&"|"&$E$2&"|"&B7,บันทึกสต็อครายวัน!$M$122:$M$9999,0))),IFERROR(IF(SUMPRODUCT(MAX((บันทึกสต็อครายวัน!$A$122:$A$9999<$B$2)*(บันทึกสต็อครายวัน!$B$122:$B$9999=$E$2)*(บันทึกสต็อครายวัน!$C$122:$C$9999=B7)*บันทึกสต็อครายวัน!$A$122:$A$9999))=0,"",INDEX(บันทึกสต็อครายวัน!$I$122:$I$9999,MATCH(TEXT(SUMPRODUCT(MAX((บันทึกสต็อครายวัน!$A$122:$A$9999<$B$2)*(บันทึกสต็อครายวัน!$B$122:$B$9999=$E$2)*(บันทึกสต็อครายวัน!$C$122:$C$9999=B7)*บันทึกสต็อครายวัน!$A$122:$A$9999)),"YYYYMMDD")&"|"&$E$2&"|"&B7,บันทึกสต็อครายวัน!$M$122:$M$9999,0))),"")) -> 0 | E7: =IFERROR(IF(INDEX(บันทึกสต็อครายวัน!$E$122:$E$9999,MATCH(TEXT($B$2,"YYYYMMDD")&"|"&$E$2&"|"&B7,บันทึกสต็อครายวัน!$M$122:$M$9999,0))="",IFERROR(IF(SUMPRODUCT(MAX((บันทึกสต็อครายวัน!$A$122:$A$9999<$B$2)*(บันทึกสต็อครายวัน!$B$122:$B$9999=$E$2)*(บันทึกสต็อครายวัน!$C$122:$C$9999=B7)*บันทึกสต็อครายวัน!$A$122:$A$9999))=0,"",INDEX(บันทึกสต็อครายวัน!$J$122:$J$9999,MATCH(TEXT(SUMPRODUCT(MAX((บันทึกสต็อครายวัน!$A$122:$A$9999<$B$2)*(บันทึกสต็อครายวัน!$B$122:$B$9999=$E$2)*(บันทึกสต็อครายวัน!$C$122:$C$9999=B7)*บันทึกสต็อครายวัน!$A$122:$A$9999)),"YYYYMMDD")&"|"&$E$2&"|"&B7,บันทึกสต็อครายวัน!$M$122:$M$9999,0))),""),INDEX(บันทึกสต็อครายวัน!$E$122:$E$9999,MATCH(TEXT($B$2,"YYYYMMDD")&"|"&$E$2&"|"&B7,บันทึกสต็อครายวัน!$M$122:$M$9999,0))),IFERROR(IF(SUMPRODUCT(MAX((บันทึกสต็อครายวัน!$A$122:$A$9999<$B$2)*(บันทึกสต็อครายวัน!$B$122:$B$9999=$E$2)*(บันทึกสต็อครายวัน!$C$122:$C$9999=B7)*บันทึกสต็อครายวัน!$A$122:$A$9999))=0,"",INDEX(บันทึกสต็อครายวัน!$J$122:$J$9999,MATCH(TEXT(SUMPRODUCT(MAX((บันทึกสต็อครายวัน!$A$122:$A$9999<$B$2)*(บันทึกสต็อครายวัน!$B$122:$B$9999=$E$2)*(บันทึกสต็อครายวัน!$C$122:$C$9999=B7)*บันทึกสต็อครายวัน!$A$122:$A$9999)),"YYYYMMDD")&"|"&$E$2&"|"&B7,บันทึกสต็อครายวัน!$M$122:$M$9999,0))),"")) -> 0 | F7: =IFERROR(IF(ISBLANK(INDEX(บันทึกสต็อครายวัน!$F$122:$F$9999,MATCH(TEXT($B$2,"YYYYMMDD")&"|"&$E$2&"|"&B7,บันทึกสต็อครายวัน!$M$122:$M$9999,0))),"",INDEX(บันทึกสต็อครายวัน!$F$122:$F$9999,MATCH(TEXT($B$2,"YYYYMMDD")&"|"&$E$2&"|"&B7,บันทึกสต็อครายวัน!$M$122:$M$9999,0))),"") | G7: =IFERROR(IF(ISBLANK(INDEX(บันทึกสต็อครายวัน!$G$122:$G$9999,MATCH(TEXT($B$2,"YYYYMMDD")&"|"&$E$2&"|"&B7,บันทึกสต็อครายวัน!$M$122:$M$9999,0))),"",INDEX(บันทึกสต็อครายวัน!$G$122:$G$9999,MATCH(TEXT($B$2,"YYYYMMDD")&"|"&$E$2&"|"&B7,บันทึกสต็อครายวัน!$M$122:$M$9999,0))),"") | H7: =IFERROR(IF(ISBLANK(INDEX(บันทึกสต็อครายวัน!$H$122:$H$9999,MATCH(TEXT($B$2,"YYYYMMDD")&"|"&$E$2&"|"&B7,บันทึกสต็อครายวัน!$M$122:$M$9999,0))),"",INDEX(บันทึกสต็อครายวัน!$H$122:$H$9999,MATCH(TEXT($B$2,"YYYYMMDD")&"|"&$E$2&"|"&B7,บันทึกสต็อครายวัน!$M$122:$M$9999,0))),"") | I7: =IFERROR(IF(ISBLANK(INDEX(บันทึกสต็อครายวัน!$I$122:$I$9999,MATCH(TEXT($B$2,"YYYYMMDD")&"|"&$E$2&"|"&B7,บันทึกสต็อครายวัน!$M$122:$M$9999,0))),"",INDEX(บันทึกสต็อครายวัน!$I$122:$I$9999,MATCH(TEXT($B$2,"YYYYMMDD")&"|"&$E$2&"|"&B7,บันทึกสต็อครายวัน!$M$122:$M$9999,0))),"") | J7: =IFERROR(IF(ISBLANK(INDEX(บันทึกสต็อครายวัน!$J$122:$J$9999,MATCH(TEXT($B$2,"YYYYMMDD")&"|"&$E$2&"|"&B7,บันทึกสต็อครายวัน!$M$122:$M$9999,0))),"",INDEX(บันทึกสต็อครายวัน!$J$122:$J$9999,MATCH(TEXT($B$2,"YYYYMMDD")&"|"&$E$2&"|"&B7,บันทึกสต็อครายวัน!$M$122:$M$9999,0))),"") | K7: =IFERROR(IF(ISBLANK(INDEX(บันทึกสต็อครายวัน!$K$122:$K$9999,MATCH(TEXT($B$2,"YYYYMMDD")&"|"&$E$2&"|"&B7,บันทึกสต็อครายวัน!$M$122:$M$9999,0))),"",INDEX(บันทึกสต็อครายวัน!$K$122:$K$9999,MATCH(TEXT($B$2,"YYYYMMDD")&"|"&$E$2&"|"&B7,บันทึกสต็อครายวัน!$M$122:$M$9999,0))),"") | L7: =IFERROR(IF(ISBLANK(INDEX(บันทึกสต็อครายวัน!$L$122:$L$9999,MATCH(TEXT($B$2,"YYYYMMDD")&"|"&$E$2&"|"&B7,บันทึกสต็อครายวัน!$M$122:$M$9999,0))),"",INDEX(บันทึกสต็อครายวัน!$L$122:$L$9999,MATCH(TEXT($B$2,"YYYYMMDD")&"|"&$E$2&"|"&B7,บันทึกสต็อครายวัน!$M$122:$M$9999,0))),"")
A8: Yogurt 1kg/Box | B8: Vanilla | C8: 1kg/Box | D8: =IFERROR(IF(INDEX(บันทึกสต็อครายวัน!$D$122:$D$9999,MATCH(TEXT($B$2,"YYYYMMDD")&"|"&$E$2&"|"&B8,บันทึกสต็อครายวัน!$M$122:$M$9999,0))="",IFERROR(IF(SUMPRODUCT(MAX((บันทึกสต็อครายวัน!$A$122:$A$9999<$B$2)*(บันทึกสต็อครายวัน!$B$122:$B$9999=$E$2)*(บันทึกสต็อครายวัน!$C$122:$C$9999=B8)*บันทึกสต็อครายวัน!$A$122:$A$9999))=0,"",INDEX(บันทึกสต็อครายวัน!$I$122:$I$9999,MATCH(TEXT(SUMPRODUCT(MAX((บันทึกสต็อครายวัน!$A$122:$A$9999<$B$2)*(บันทึกสต็อครายวัน!$B$122:$B$9999=$E$2)*(บันทึกสต็อครายวัน!$C$122:$C$9999=B8)*บันทึกสต็อครายวัน!$A$122:$A$9999)),"YYYYMMDD")&"|"&$E$2&"|"&B8,บันทึกสต็อครายวัน!$M$122:$M$9999,0))),""),INDEX(บันทึกสต็อครายวัน!$D$122:$D$9999,MATCH(TEXT($B$2,"YYYYMMDD")&"|"&$E$2&"|"&B8,บันทึกสต็อครายวัน!$M$122:$M$9999,0))),IFERROR(IF(SUMPRODUCT(MAX((บันทึกสต็อครายวัน!$A$122:$A$9999<$B$2)*(บันทึกสต็อครายวัน!$B$122:$B$9999=$E$2)*(บันทึกสต็อครายวัน!$C$122:$C$9999=B8)*บันทึกสต็อครายวัน!$A$122:$A$9999))=0,"",INDEX(บันทึกสต็อครายวัน!$I$122:$I$9999,MATCH(TEXT(SUMPRODUCT(MAX((บันทึกสต็อครายวัน!$A$122:$A$9999<$B$2)*(บันทึกสต็อครายวัน!$B$122:$B$9999=$E$2)*(บันทึกสต็อครายวัน!$C$122:$C$9999=B8)*บันทึกสต็อครายวัน!$A$122:$A$9999)),"YYYYMMDD")&"|"&$E$2&"|"&B8,บันทึกสต็อครายวัน!$M$122:$M$9999,0))),"")) -> 0 | E8: =IFERROR(IF(INDEX(บันทึกสต็อครายวัน!$E$122:$E$9999,MATCH(TEXT($B$2,"YYYYMMDD")&"|"&$E$2&"|"&B8,บันทึกสต็อครายวัน!$M$122:$M$9999,0))="",IFERROR(IF(SUMPRODUCT(MAX((บันทึกสต็อครายวัน!$A$122:$A$9999<$B$2)*(บันทึกสต็อครายวัน!$B$122:$B$9999=$E$2)*(บันทึกสต็อครายวัน!$C$122:$C$9999=B8)*บันทึกสต็อครายวัน!$A$122:$A$9999))=0,"",INDEX(บันทึกสต็อครายวัน!$J$122:$J$9999,MATCH(TEXT(SUMPRODUCT(MAX((บันทึกสต็อครายวัน!$A$122:$A$9999<$B$2)*(บันทึกสต็อครายวัน!$B$122:$B$9999=$E$2)*(บันทึกสต็อครายวัน!$C$122:$C$9999=B8)*บันทึกสต็อครายวัน!$A$122:$A$9999)),"YYYYMMDD")&"|"&$E$2&"|"&B8,บันทึกสต็อครายวัน!$M$122:$M$9999,0))),""),INDEX(บันทึกสต็อครายวัน!$E$122:$E$9999,MATCH(TEXT($B$2,"YYYYMMDD")&"|"&$E$2&"|"&B8,บันทึกสต็อครายวัน!$M$122:$M$9999,0))),IFERROR(IF(SUMPRODUCT(MAX((บันทึกสต็อครายวัน!$A$122:$A$9999<$B$2)*(บันทึกสต็อครายวัน!$B$122:$B$9999=$E$2)*(บันทึกสต็อครายวัน!$C$122:$C$9999=B8)*บันทึกสต็อครายวัน!$A$122:$A$9999))=0,"",INDEX(บันทึกสต็อครายวัน!$J$122:$J$9999,MATCH(TEXT(SUMPRODUCT(MAX((บันทึกสต็อครายวัน!$A$122:$A$9999<$B$2)*(บันทึกสต็อครายวัน!$B$122:$B$9999=$E$2)*(บันทึกสต็อครายวัน!$C$122:$C$9999=B8)*บันทึกสต็อครายวัน!$A$122:$A$9999)),"YYYYMMDD")&"|"&$E$2&"|"&B8,บันทึกสต็อครายวัน!$M$122:$M$9999,0))),"")) -> 981 | F8: =IFERROR(IF(ISBLANK(INDEX(บันทึกสต็อครายวัน!$F$122:$F$9999,MATCH(TEXT($B$2,"YYYYMMDD")&"|"&$E$2&"|"&B8,บันทึกสต็อครายวัน!$M$122:$M$9999,0))),"",INDEX(บันทึกสต็อครายวัน!$F$122:$F$9999,MATCH(TEXT($B$2,"YYYYMMDD")&"|"&$E$2&"|"&B8,บันทึกสต็อครายวัน!$M$122:$M$9999,0))),"") | G8: =IFERROR(IF(ISBLANK(INDEX(บันทึกสต็อครายวัน!$G$122:$G$9999,MATCH(TEXT($B$2,"YYYYMMDD")&"|"&$E$2&"|"&B8,บันทึกสต็อครายวัน!$M$122:$M$9999,0))),"",INDEX(บันทึกสต็อครายวัน!$G$122:$G$9999,MATCH(TEXT($B$2,"YYYYMMDD")&"|"&$E$2&"|"&B8,บันทึกสต็อครายวัน!$M$122:$M$9999,0))),"") | H8: =IFERROR(IF(ISBLANK(INDEX(บันทึกสต็อครายวัน!$H$122:$H$9999,MATCH(TEXT($B$2,"YYYYMMDD")&"|"&$E$2&"|"&B8,บันทึกสต็อครายวัน!$M$122:$M$9999,0))),"",INDEX(บันทึกสต็อครายวัน!$H$122:$H$9999,MATCH(TEXT($B$2,"YYYYMMDD")&"|"&$E$2&"|"&B8,บันทึกสต็อครายวัน!$M$122:$M$9999,0))),"") | I8: =IFERROR(IF(ISBLANK(INDEX(บันทึกสต็อครายวัน!$I$122:$I$9999,MATCH(TEXT($B$2,"YYYYMMDD")&"|"&$E$2&"|"&B8,บันทึกสต็อครายวัน!$M$122:$M$9999,0))),"",INDEX(บันทึกสต็อครายวัน!$I$122:$I$9999,MATCH(TEXT($B$2,"YYYYMMDD")&"|"&$E$2&"|"&B8,บันทึกสต็อครายวัน!$M$122:$M$9999,0))),"") | J8: =IFERROR(IF(ISBLANK(INDEX(บันทึกสต็อครายวัน!$J$122:$J$9999,MATCH(TEXT($B$2,"YYYYMMDD")&"|"&$E$2&"|"&B8,บันทึกสต็อครายวัน!$M$122:$M$9999,0))),"",INDEX(บันทึกสต็อครายวัน!$J$122:$J$9999,MATCH(TEXT($B$2,"YYYYMMDD")&"|"&$E$2&"|"&B8,บันทึกสต็อครายวัน!$M$122:$M$9999,0))),"") | K8: =IFERROR(IF(ISBLANK(INDEX(บันทึกสต็อครายวัน!$K$122:$K$9999,MATCH(TEXT($B$2,"YYYYMMDD")&"|"&$E$2&"|"&B8,บันทึกสต็อครายวัน!$M$122:$M$9999,0))),"",INDEX(บันทึกสต็อครายวัน!$K$122:$K$9999,MATCH(TEXT($B$2,"YYYYMMDD")&"|"&$E$2&"|"&B8,บันทึกสต็อครายวัน!$M$122:$M$9999,0))),"") | L8: =IFERROR(IF(ISBLANK(INDEX(บันทึกสต็อครายวัน!$L$122:$L$9999,MATCH(TEXT($B$2,"YYYYMMDD")&"|"&$E$2&"|"&B8,บันทึกสต็อครายวัน!$M$122:$M$9999,0))),"",INDEX(บันทึกสต็อครายวัน!$L$122:$L$9999,MATCH(TEXT($B$2,"YYYYMMDD")&"|"&$E$2&"|"&B8,บันทึกสต็อครายวัน!$M$122:$M$9999,0))),"")
A9: Yogurt 1kg/Box | B9: Pineapple | C9: 1kg/Box | D9: =IFERROR(IF(INDEX(บันทึกสต็อครายวัน!$D$122:$D$9999,MATCH(TEXT($B$2,"YYYYMMDD")&"|"&$E$2&"|"&B9,บันทึกสต็อครายวัน!$M$122:$M$9999,0))="",IFERROR(IF(SUMPRODUCT(MAX((บันทึกสต็อครายวัน!$A$122:$A$9999<$B$2)*(บันทึกสต็อครายวัน!$B$122:$B$9999=$E$2)*(บันทึกสต็อครายวัน!$C$122:$C$9999=B9)*บันทึกสต็อครายวัน!$A$122:$A$9999))=0,"",INDEX(บันทึกสต็อครายวัน!$I$122:$I$9999,MATCH(TEXT(SUMPRODUCT(MAX((บันทึกสต็อครายวัน!$A$122:$A$9999<$B$2)*(บันทึกสต็อครายวัน!$B$122:$B$9999=$E$2)*(บันทึกสต็อครายวัน!$C$122:$C$9999=B9)*บันทึกสต็อครายวัน!$A$122:$A$9999)),"YYYYMMDD")&"|"&$E$2&"|"&B9,บันทึกสต็อครายวัน!$M$122:$M$9999,0))),""),INDEX(บันทึกสต็อครายวัน!$D$122:$D$9999,MATCH(TEXT($B$2,"YYYYMMDD")&"|"&$E$2&"|"&B9,บันทึกสต็อครายวัน!$M$122:$M$9999,0))),IFERROR(IF(SUMPRODUCT(MAX((บันทึกสต็อครายวัน!$A$122:$A$9999<$B$2)*(บันทึกสต็อครายวัน!$B$122:$B$9999=$E$2)*(บันทึกสต็อครายวัน!$C$122:$C$9999=B9)*บันทึกสต็อครายวัน!$A$122:$A$9999))=0,"",INDEX(บันทึกสต็อครายวัน!$I$122:$I$9999,MATCH(TEXT(SUMPRODUCT(MAX((บันทึกสต็อครายวัน!$A$122:$A$9999<$B$2)*(บันทึกสต็อครายวัน!$B$122:$B$9999=$E$2)*(บันทึกสต็อครายวัน!$C$122:$C$9999=B9)*บันทึกสต็อครายวัน!$A$122:$A$9999)),"YYYYMMDD")&"|"&$E$2&"|"&B9,บันทึกสต็อครายวัน!$M$122:$M$9999,0))),"")) -> 1 | E9: =IFERROR(IF(INDEX(บันทึกสต็อครายวัน!$E$122:$E$9999,MATCH(TEXT($B$2,"YYYYMMDD")&"|"&$E$2&"|"&B9,บันทึกสต็อครายวัน!$M$122:$M$9999,0))="",IFERROR(IF(SUMPRODUCT(MAX((บันทึกสต็อครายวัน!$A$122:$A$9999<$B$2)*(บันทึกสต็อครายวัน!$B$122:$B$9999=$E$2)*(บันทึกสต็อครายวัน!$C$122:$C$9999=B9)*บันทึกสต็อครายวัน!$A$122:$A$9999))=0,"",INDEX(บันทึกสต็อครายวัน!$J$122:$J$9999,MATCH(TEXT(SUMPRODUCT(MAX((บันทึกสต็อครายวัน!$A$122:$A$9999<$B$2)*(บันทึกสต็อครายวัน!$B$122:$B$9999=$E$2)*(บันทึกสต็อครายวัน!$C$122:$C$9999=B9)*บันทึกสต็อครายวัน!$A$122:$A$9999)),"YYYYMMDD")&"|"&$E$2&"|"&B9,บันทึกสต็อครายวัน!$M$122:$M$9999,0))),""),INDEX(บันทึกสต็อครายวัน!$E$122:$E$9999,MATCH(TEXT($B$2,"YYYYMMDD")&"|"&$E$2&"|"&B9,บันทึกสต็อครายวัน!$M$122:$M$9999,0))),IFERROR(IF(SUMPRODUCT(MAX((บันทึกสต็อครายวัน!$A$122:$A$9999<$B$2)*(บันทึกสต็อครายวัน!$B$122:$B$9999=$E$2)*(บันทึกสต็อครายวัน!$C$122:$C$9999=B9)*บันทึกสต็อครายวัน!$A$122:$A$9999))=0,"",INDEX(บันทึกสต็อครายวัน!$J$122:$J$9999,MATCH(TEXT(SUMPRODUCT(MAX((บันทึกสต็อครายวัน!$A$122:$A$9999<$B$2)*(บันทึกสต็อครายวัน!$B$122:$B$9999=$E$2)*(บันทึกสต็อครายวัน!$C$122:$C$9999=B9)*บันทึกสต็อครายวัน!$A$122:$A$9999)),"YYYYMMDD")&"|"&$E$2&"|"&B9,บันทึกสต็อครายวัน!$M$122:$M$9999,0))),"")) -> 532 | F9: =IFERROR(IF(ISBLANK(INDEX(บันทึกสต็อครายวัน!$F$122:$F$9999,MATCH(TEXT($B$2,"YYYYMMDD")&"|"&$E$2&"|"&B9,บันทึกสต็อครายวัน!$M$122:$M$9999,0))),"",INDEX(บันทึกสต็อครายวัน!$F$122:$F$9999,MATCH(TEXT($B$2,"YYYYMMDD")&"|"&$E$2&"|"&B9,บันทึกสต็อครายวัน!$M$122:$M$9999,0))),"") | G9: =IFERROR(IF(ISBLANK(INDEX(บันทึกสต็อครายวัน!$G$122:$G$9999,MATCH(TEXT($B$2,"YYYYMMDD")&"|"&$E$2&"|"&B9,บันทึกสต็อครายวัน!$M$122:$M$9999,0))),"",INDEX(บันทึกสต็อครายวัน!$G$122:$G$9999,MATCH(TEXT($B$2,"YYYYMMDD")&"|"&$E$2&"|"&B9,บันทึกสต็อครายวัน!$M$122:$M$9999,0))),"") | H9: =IFERROR(IF(ISBLANK(INDEX(บันทึกสต็อครายวัน!$H$122:$H$9999,MATCH(TEXT($B$2,"YYYYMMDD")&"|"&$E$2&"|"&B9,บันทึกสต็อครายวัน!$M$122:$M$9999,0))),"",INDEX(บันทึกสต็อครายวัน!$H$122:$H$9999,MATCH(TEXT($B$2,"YYYYMMDD")&"|"&$E$2&"|"&B9,บันทึกสต็อครายวัน!$M$122:$M$9999,0))),"") | I9: =IFERROR(IF(ISBLANK(INDEX(บันทึกสต็อครายวัน!$I$122:$I$9999,MATCH(TEXT($B$2,"YYYYMMDD")&"|"&$E$2&"|"&B9,บันทึกสต็อครายวัน!$M$122:$M$9999,0))),"",INDEX(บันทึกสต็อครายวัน!$I$122:$I$9999,MATCH(TEXT($B$2,"YYYYMMDD")&"|"&$E$2&"|"&B9,บันทึกสต็อครายวัน!$M$122:$M$9999,0))),"") | J9: =IFERROR(IF(ISBLANK(INDEX(บันทึกสต็อครายวัน!$J$122:$J$9999,MATCH(TEXT($B$2,"YYYYMMDD")&"|"&$E$2&"|"&B9,บันทึกสต็อครายวัน!$M$122:$M$9999,0))),"",INDEX(บันทึกสต็อครายวัน!$J$122:$J$9999,MATCH(TEXT($B$2,"YYYYMMDD")&"|"&$E$2&"|"&B9,บันทึกสต็อครายวัน!$M$122:$M$9999,0))),"") | K9: =IFERROR(IF(ISBLANK(INDEX(บันทึกสต็อครายวัน!$K$122:$K$9999,MATCH(TEXT($B$2,"YYYYMMDD")&"|"&$E$2&"|"&B9,บันทึกสต็อครายวัน!$M$122:$M$9999,0))),"",INDEX(บันทึกสต็อครายวัน!$K$122:$K$9999,MATCH(TEXT($B$2,"YYYYMMDD")&"|"&$E$2&"|"&B9,บันทึกสต็อครายวัน!$M$122:$M$9999,0))),"") | L9: =IFERROR(IF(ISBLANK(INDEX(บันทึกสต็อครายวัน!$L$122:$L$9999,MATCH(TEXT($B$2,"YYYYMMDD")&"|"&$E$2&"|"&B9,บันทึกสต็อครายวัน!$M$122:$M$9999,0))),"",INDEX(บันทึกสต็อครายวัน!$L$122:$L$9999,MATCH(TEXT($B$2,"YYYYMMDD")&"|"&$E$2&"|"&B9,บันทึกสต็อครายวัน!$M$122:$M$9999,0))),"")
A10: Yogurt 1kg/Box | B10: Biscoff | C10: 1kg/Box | D10: =IFERROR(IF(INDEX(บันทึกสต็อครายวัน!$D$122:$D$9999,MATCH(TEXT($B$2,"YYYYMMDD")&"|"&$E$2&"|"&B10,บันทึกสต็อครายวัน!$M$122:$M$9999,0))="",IFERROR(IF(SUMPRODUCT(MAX((บันทึกสต็อครายวัน!$A$122:$A$9999<$B$2)*(บันทึกสต็อครายวัน!$B$122:$B$9999=$E$2)*(บันทึกสต็อครายวัน!$C$122:$C$9999=B10)*บันทึกสต็อครายวัน!$A$122:$A$9999))=0,"",INDEX(บันทึกสต็อครายวัน!$I$122:$I$9999,MATCH(TEXT(SUMPRODUCT(MAX((บันทึกสต็อครายวัน!$A$122:$A$9999<$B$2)*(บันทึกสต็อครายวัน!$B$122:$B$9999=$E$2)*(บันทึกสต็อครายวัน!$C$122:$C$9999=B10)*บันทึกสต็อครายวัน!$A$122:$A$9999)),"YYYYMMDD")&"|"&$E$2&"|"&B10,บันทึกสต็อครายวัน!$M$122:$M$9999,0))),""),INDEX(บันทึกสต็อครายวัน!$D$122:$D$9999,MATCH(TEXT($B$2,"YYYYMMDD")&"|"&$E$2&"|"&B10,บันทึกสต็อครายวัน!$M$122:$M$9999,0))),IFERROR(IF(SUMPRODUCT(MAX((บันทึกสต็อครายวัน!$A$122:$A$9999<$B$2)*(บันทึกสต็อครายวัน!$B$122:$B$9999=$E$2)*(บันทึกสต็อครายวัน!$C$122:$C$9999=B10)*บันทึกสต็อครายวัน!$A$122:$A$9999))=0,"",INDEX(บันทึกสต็อครายวัน!$I$122:$I$9999,MATCH(TEXT(SUMPRODUCT(MAX((บันทึกสต็อครายวัน!$A$122:$A$9999<$B$2)*(บันทึกสต็อครายวัน!$B$122:$B$9999=$E$2)*(บันทึกสต็อครายวัน!$C$122:$C$9999=B10)*บันทึกสต็อครายวัน!$A$122:$A$9999)),"YYYYMMDD")&"|"&$E$2&"|"&B10,บันทึกสต็อครายวัน!$M$122:$M$9999,0))),"")) -> 0 | E10: =IFERROR(IF(INDEX(บันทึกสต็อครายวัน!$E$122:$E$9999,MATCH(TEXT($B$2,"YYYYMMDD")&"|"&$E$2&"|"&B10,บันทึกสต็อครายวัน!$M$122:$M$9999,0))="",IFERROR(IF(SUMPRODUCT(MAX((บันทึกสต็อครายวัน!$A$122:$A$9999<$B$2)*(บันทึกสต็อครายวัน!$B$122:$B$9999=$E$2)*(บันทึกสต็อครายวัน!$C$122:$C$9999=B10)*บันทึกสต็อครายวัน!$A$122:$A$9999))=0,"",INDEX(บันทึกสต็อครายวัน!$J$122:$J$9999,MATCH(TEXT(SUMPRODUCT(MAX((บันทึกสต็อครายวัน!$A$122:$A$9999<$B$2)*(บันทึกสต็อครายวัน!$B$122:$B$9999=$E$2)*(บันทึกสต็อครายวัน!$C$122:$C$9999=B10)*บันทึกสต็อครายวัน!$A$122:$A$9999)),"YYYYMMDD")&"|"&$E$2&"|"&B10,บันทึกสต็อครายวัน!$M$122:$M$9999,0))),""),INDEX(บันทึกสต็อครายวัน!$E$122:$E$9999,MATCH(TEXT($B$2,"YYYYMMDD")&"|"&$E$2&"|"&B10,บันทึกสต็อครายวัน!$M$122:$M$9999,0))),IFERROR(IF(SUMPRODUCT(MAX((บันทึกสต็อครายวัน!$A$122:$A$9999<$B$2)*(บันทึกสต็อครายวัน!$B$122:$B$9999=$E$2)*(บันทึกสต็อครายวัน!$C$122:$C$9999=B10)*บันทึกสต็อครายวัน!$A$122:$A$9999))=0,"",INDEX(บันทึกสต็อครายวัน!$J$122:$J$9999,MATCH(TEXT(SUMPRODUCT(MAX((บันทึกสต็อครายวัน!$A$122:$A$9999<$B$2)*(บันทึกสต็อครายวัน!$B$122:$B$9999=$E$2)*(บันทึกสต็อครายวัน!$C$122:$C$9999=B10)*บันทึกสต็อครายวัน!$A$122:$A$9999)),"YYYYMMDD")&"|"&$E$2&"|"&B10,บันทึกสต็อครายวัน!$M$122:$M$9999,0))),"")) -> 429 | F10: =IFERROR(IF(ISBLANK(INDEX(บันทึกสต็อครายวัน!$F$122:$F$9999,MATCH(TEXT($B$2,"YYYYMMDD")&"|"&$E$2&"|"&B10,บันทึกสต็อครายวัน!$M$122:$M$9999,0))),"",INDEX(บันทึกสต็อครายวัน!$F$122:$F$9999,MATCH(TEXT($B$2,"YYYYMMDD")&"|"&$E$2&"|"&B10,บันทึกสต็อครายวัน!$M$122:$M$9999,0))),"") | G10: =IFERROR(IF(ISBLANK(INDEX(บันทึกสต็อครายวัน!$G$122:$G$9999,MATCH(TEXT($B$2,"YYYYMMDD")&"|"&$E$2&"|"&B10,บันทึกสต็อครายวัน!$M$122:$M$9999,0))),"",INDEX(บันทึกสต็อครายวัน!$G$122:$G$9999,MATCH(TEXT($B$2,"YYYYMMDD")&"|"&$E$2&"|"&B10,บันทึกสต็อครายวัน!$M$122:$M$9999,0))),"") | H10: =IFERROR(IF(ISBLANK(INDEX(บันทึกสต็อครายวัน!$H$122:$H$9999,MATCH(TEXT($B$2,"YYYYMMDD")&"|"&$E$2&"|"&B10,บันทึกสต็อครายวัน!$M$122:$M$9999,0))),"",INDEX(บันทึกสต็อครายวัน!$H$122:$H$9999,MATCH(TEXT($B$2,"YYYYMMDD")&"|"&$E$2&"|"&B10,บันทึกสต็อครายวัน!$M$122:$M$9999,0))),"") | I10: =IFERROR(IF(ISBLANK(INDEX(บันทึกสต็อครายวัน!$I$122:$I$9999,MATCH(TEXT($B$2,"YYYYMMDD")&"|"&$E$2&"|"&B10,บันทึกสต็อครายวัน!$M$122:$M$9999,0))),"",INDEX(บันทึกสต็อครายวัน!$I$122:$I$9999,MATCH(TEXT($B$2,"YYYYMMDD")&"|"&$E$2&"|"&B10,บันทึกสต็อครายวัน!$M$122:$M$9999,0))),"") | J10: =IFERROR(IF(ISBLANK(INDEX(บันทึกสต็อครายวัน!$J$122:$J$9999,MATCH(TEXT($B$2,"YYYYMMDD")&"|"&$E$2&"|"&B10,บันทึกสต็อครายวัน!$M$122:$M$9999,0))),"",INDEX(บันทึกสต็อครายวัน!$J$122:$J$9999,MATCH(TEXT($B$2,"YYYYMMDD")&"|"&$E$2&"|"&B10,บันทึกสต็อครายวัน!$M$122:$M$9999,0))),"") | K10: =IFERROR(IF(ISBLANK(INDEX(บันทึกสต็อครายวัน!$K$122:$K$9999,MATCH(TEXT($B$2,"YYYYMMDD")&"|"&$E$2&"|"&B10,บันทึกสต็อครายวัน!$M$122:$M$9999,0))),"",INDEX(บันทึกสต็อครายวัน!$K$122:$K$9999,MATCH(TEXT($B$2,"YYYYMMDD")&"|"&$E$2&"|"&B10,บันทึกสต็อครายวัน!$M$122:$M$9999,0))),"") | L10: =IFERROR(IF(ISBLANK(INDEX(บันทึกสต็อครายวัน!$L$122:$L$9999,MATCH(TEXT($B$2,"YYYYMMDD")&"|"&$E$2&"|"&B10,บันทึกสต็อครายวัน!$M$122:$M$9999,0))),"",INDEX(บันทึกสต็อครายวัน!$L$122:$L$9999,MATCH(TEXT($B$2,"YYYYMMDD")&"|"&$E$2&"|"&B10,บันทึกสต็อครายวัน!$M$122:$M$9999,0))),"")
A11: Yogurt 1kg/Box | B11: Overnight oats biscoff | C11: 1kg/Box | D11: =IFERROR(IF(INDEX(บันทึกสต็อครายวัน!$D$122:$D$9999,MATCH(TEXT($B$2,"YYYYMMDD")&"|"&$E$2&"|"&B11,บันทึกสต็อครายวัน!$M$122:$M$9999,0))="",IFERROR(IF(SUMPRODUCT(MAX((บันทึกสต็อครายวัน!$A$122:$A$9999<$B$2)*(บันทึกสต็อครายวัน!$B$122:$B$9999=$E$2)*(บันทึกสต็อครายวัน!$C$122:$C$9999=B11)*บันทึกสต็อครายวัน!$A$122:$A$9999))=0,"",INDEX(บันทึกสต็อครายวัน!$I$122:$I$9999,MATCH(TEXT(SUMPRODUCT(MAX((บันทึกสต็อครายวัน!$A$122:$A$9999<$B$2)*(บันทึกสต็อครายวัน!$B$122:$B$9999=$E$2)*(บันทึกสต็อครายวัน!$C$122:$C$9999=B11)*บันทึกสต็อครายวัน!$A$122:$A$9999)),"YYYYMMDD")&"|"&$E$2&"|"&B11,บันทึกสต็อครายวัน!$M$122:$M$9999,0))),""),INDEX(บันทึกสต็อครายวัน!$D$122:$D$9999,MATCH(TEXT($B$2,"YYYYMMDD")&"|"&$E$2&"|"&B11,บันทึกสต็อครายวัน!$M$122:$M$9999,0))),IFERROR(IF(SUMPRODUCT(MAX((บันทึกสต็อครายวัน!$A$122:$A$9999<$B$2)*(บันทึกสต็อครายวัน!$B$122:$B$9999=$E$2)*(บันทึกสต็อครายวัน!$C$122:$C$9999=B11)*บันทึกสต็อครายวัน!$A$122:$A$9999))=0,"",INDEX(บันทึกสต็อครายวัน!$I$122:$I$9999,MATCH(TEXT(SUMPRODUCT(MAX((บันทึกสต็อครายวัน!$A$122:$A$9999<$B$2)*(บันทึกสต็อครายวัน!$B$122:$B$9999=$E$2)*(บันทึกสต็อครายวัน!$C$122:$C$9999=B11)*บันทึกสต็อครายวัน!$A$122:$A$9999)),"YYYYMMDD")&"|"&$E$2&"|"&B11,บันทึกสต็อครายวัน!$M$122:$M$9999,0))),"")) -> 1 | E11: =IFERROR(IF(INDEX(บันทึกสต็อครายวัน!$E$122:$E$9999,MATCH(TEXT($B$2,"YYYYMMDD")&"|"&$E$2&"|"&B11,บันทึกสต็อครายวัน!$M$122:$M$9999,0))="",IFERROR(IF(SUMPRODUCT(MAX((บันทึกสต็อครายวัน!$A$122:$A$9999<$B$2)*(บันทึกสต็อครายวัน!$B$122:$B$9999=$E$2)*(บันทึกสต็อครายวัน!$C$122:$C$9999=B11)*บันทึกสต็อครายวัน!$A$122:$A$9999))=0,"",INDEX(บันทึกสต็อครายวัน!$J$122:$J$9999,MATCH(TEXT(SUMPRODUCT(MAX((บันทึกสต็อครายวัน!$A$122:$A$9999<$B$2)*(บันทึกสต็อครายวัน!$B$122:$B$9999=$E$2)*(บันทึกสต็อครายวัน!$C$122:$C$9999=B11)*บันทึกสต็อครายวัน!$A$122:$A$9999)),"YYYYMMDD")&"|"&$E$2&"|"&B11,บันทึกสต็อครายวัน!$M$122:$M$9999,0))),""),INDEX(บันทึกสต็อครายวัน!$E$122:$E$9999,MATCH(TEXT($B$2,"YYYYMMDD")&"|"&$E$2&"|"&B11,บันทึกสต็อครายวัน!$M$122:$M$9999,0))),IFERROR(IF(SUMPRODUCT(MAX((บันทึกสต็อครายวัน!$A$122:$A$9999<$B$2)*(บันทึกสต็อครายวัน!$B$122:$B$9999=$E$2)*(บันทึกสต็อครายวัน!$C$122:$C$9999=B11)*บันทึกสต็อครายวัน!$A$122:$A$9999))=0,"",INDEX(บันทึกสต็อครายวัน!$J$122:$J$9999,MATCH(TEXT(SUMPRODUCT(MAX((บันทึกสต็อครายวัน!$A$122:$A$9999<$B$2)*(บันทึกสต็อครายวัน!$B$122:$B$9999=$E$2)*(บันทึกสต็อครายวัน!$C$122:$C$9999=B11)*บันทึกสต็อครายวัน!$A$122:$A$9999)),"YYYYMMDD")&"|"&$E$2&"|"&B11,บันทึกสต็อครายวัน!$M$122:$M$9999,0))),"")) -> 956 | F11: =IFERROR(IF(ISBLANK(INDEX(บันทึกสต็อครายวัน!$F$122:$F$9999,MATCH(TEXT($B$2,"YYYYMMDD")&"|"&$E$2&"|"&B11,บันทึกสต็อครายวัน!$M$122:$M$9999,0))),"",INDEX(บันทึกสต็อครายวัน!$F$122:$F$9999,MATCH(TEXT($B$2,"YYYYMMDD")&"|"&$E$2&"|"&B11,บันทึกสต็อครายวัน!$M$122:$M$9999,0))),"") | G11: =IFERROR(IF(ISBLANK(INDEX(บันทึกสต็อครายวัน!$G$122:$G$9999,MATCH(TEXT($B$2,"YYYYMMDD")&"|"&$E$2&"|"&B11,บันทึกสต็อครายวัน!$M$122:$M$9999,0))),"",INDEX(บันทึกสต็อครายวัน!$G$122:$G$9999,MATCH(TEXT($B$2,"YYYYMMDD")&"|"&$E$2&"|"&B11,บันทึกสต็อครายวัน!$M$122:$M$9999,0))),"") | H11: =IFERROR(IF(ISBLANK(INDEX(บันทึกสต็อครายวัน!$H$122:$H$9999,MATCH(TEXT($B$2,"YYYYMMDD")&"|"&$E$2&"|"&B11,บันทึกสต็อครายวัน!$M$122:$M$9999,0))),"",INDEX(บันทึกสต็อครายวัน!$H$122:$H$9999,MATCH(TEXT($B$2,"YYYYMMDD")&"|"&$E$2&"|"&B11,บันทึกสต็อครายวัน!$M$122:$M$9999,0))),"") | I11: =IFERROR(IF(ISBLANK(INDEX(บันทึกสต็อครายวัน!$I$122:$I$9999,MATCH(TEXT($B$2,"YYYYMMDD")&"|"&$E$2&"|"&B11,บันทึกสต็อครายวัน!$M$122:$M$9999,0))),"",INDEX(บันทึกสต็อครายวัน!$I$122:$I$9999,MATCH(TEXT($B$2,"YYYYMMDD")&"|"&$E$2&"|"&B11,บันทึกสต็อครายวัน!$M$122:$M$9999,0))),"") | J11: =IFERROR(IF(ISBLANK(INDEX(บันทึกสต็อครายวัน!$J$122:$J$9999,MATCH(TEXT($B$2,"YYYYMMDD")&"|"&$E$2&"|"&B11,บันทึกสต็อครายวัน!$M$122:$M$9999,0))),"",INDEX(บันทึกสต็อครายวัน!$J$122:$J$9999,MATCH(TEXT($B$2,"YYYYMMDD")&"|"&$E$2&"|"&B11,บันทึกสต็อครายวัน!$M$122:$M$9999,0))),"") | K11: =IFERROR(IF(ISBLANK(INDEX(บันทึกสต็อครายวัน!$K$122:$K$9999,MATCH(TEXT($B$2,"YYYYMMDD")&"|"&$E$2&"|"&B11,บันทึกสต็อครายวัน!$M$122:$M$9999,0))),"",INDEX(บันทึกสต็อครายวัน!$K$122:$K$9999,MATCH(TEXT($B$2,"YYYYMMDD")&"|"&$E$2&"|"&B11,บันทึกสต็อครายวัน!$M$122:$M$9999,0))),"") | L11: =IFERROR(IF(ISBLANK(INDEX(บันทึกสต็อครายวัน!$L$122:$L$9999,MATCH(TEXT($B$2,"YYYYMMDD")&"|"&$E$2&"|"&B11,บันทึกสต็อครายวัน!$M$122:$M$9999,0))),"",INDEX(บันทึกสต็อครายวัน!$L$122:$L$9999,MATCH(TEXT($B$2,"YYYYMMDD")&"|"&$E$2&"|"&B11,บันทึกสต็อครายวัน!$M$122:$M$9999,0))),"")
A12: Yogurt 1kg/Box | B12: Plain Yogurt (ธรรมชาติ) | C12: 1kg/Box | D12: =IFERROR(IF(INDEX(บันทึกสต็อครายวัน!$D$122:$D$9999,MATCH(TEXT($B$2,"YYYYMMDD")&"|"&$E$2&"|"&B12,บันทึกสต็อครายวัน!$M$122:$M$9999,0))="",IFERROR(IF(SUMPRODUCT(MAX((บันทึกสต็อครายวัน!$A$122:$A$9999<$B$2)*(บันทึกสต็อครายวัน!$B$122:$B$9999=$E$2)*(บันทึกสต็อครายวัน!$C$122:$C$9999=B12)*บันทึกสต็อครายวัน!$A$122:$A$9999))=0,"",INDEX(บันทึกสต็อครายวัน!$I$122:$I$9999,MATCH(TEXT(SUMPRODUCT(MAX((บันทึกสต็อครายวัน!$A$122:$A$9999<$B$2)*(บันทึกสต็อครายวัน!$B$122:$B$9999=$E$2)*(บันทึกสต็อครายวัน!$C$122:$C$9999=B12)*บันทึกสต็อครายวัน!$A$122:$A$9999)),"YYYYMMDD")&"|"&$E$2&"|"&B12,บันทึกสต็อครายวัน!$M$122:$M$9999,0))),""),INDEX(บันทึกสต็อครายวัน!$D$122:$D$9999,MATCH(TEXT($B$2,"YYYYMMDD")&"|"&$E$2&"|"&B12,บันทึกสต็อครายวัน!$M$122:$M$9999,0))),IFERROR(IF(SUMPRODUCT(MAX((บันทึกสต็อครายวัน!$A$122:$A$9999<$B$2)*(บันทึกสต็อครายวัน!$B$122:$B$9999=$E$2)*(บันทึกสต็อครายวัน!$C$122:$C$9999=B12)*บันทึกสต็อครายวัน!$A$122:$A$9999))=0,"",INDEX(บันทึกสต็อครายวัน!$I$122:$I$9999,MATCH(TEXT(SUMPRODUCT(MAX((บันทึกสต็อครายวัน!$A$122:$A$9999<$B$2)*(บันทึกสต็อครายวัน!$B$122:$B$9999=$E$2)*(บันทึกสต็อครายวัน!$C$122:$C$9999=B12)*บันทึกสต็อครายวัน!$A$122:$A$9999)),"YYYYMMDD")&"|"&$E$2&"|"&B12,บันทึกสต็อครายวัน!$M$122:$M$9999,0))),"")) -> 4 | E12: =IFERROR(IF(INDEX(บันทึกสต็อครายวัน!$E$122:$E$9999,MATCH(TEXT($B$2,"YYYYMMDD")&"|"&$E$2&"|"&B12,บันทึกสต็อครายวัน!$M$122:$M$9999,0))="",IFERROR(IF(SUMPRODUCT(MAX((บันทึกสต็อครายวัน!$A$122:$A$9999<$B$2)*(บันทึกสต็อครายวัน!$B$122:$B$9999=$E$2)*(บันทึกสต็อครายวัน!$C$122:$C$9999=B12)*บันทึกสต็อครายวัน!$A$122:$A$9999))=0,"",INDEX(บันทึกสต็อครายวัน!$J$122:$J$9999,MATCH(TEXT(SUMPRODUCT(MAX((บันทึกสต็อครายวัน!$A$122:$A$9999<$B$2)*(บันทึกสต็อครายวัน!$B$122:$B$9999=$E$2)*(บันทึกสต็อครายวัน!$C$122:$C$9999=B12)*บันทึกสต็อครายวัน!$A$122:$A$9999)),"YYYYMMDD")&"|"&$E$2&"|"&B12,บันทึกสต็อครายวัน!$M$122:$M$9999,0))),""),INDEX(บันทึกสต็อครายวัน!$E$122:$E$9999,MATCH(TEXT($B$2,"YYYYMMDD")&"|"&$E$2&"|"&B12,บันทึกสต็อครายวัน!$M$122:$M$9999,0))),IFERROR(IF(SUMPRODUCT(MAX((บันทึกสต็อครายวัน!$A$122:$A$9999<$B$2)*(บันทึกสต็อครายวัน!$B$122:$B$9999=$E$2)*(บันทึกสต็อครายวัน!$C$122:$C$9999=B12)*บันทึกสต็อครายวัน!$A$122:$A$9999))=0,"",INDEX(บันทึกสต็อครายวัน!$J$122:$J$9999,MATCH(TEXT(SUMPRODUCT(MAX((บันทึกสต็อครายวัน!$A$122:$A$9999<$B$2)*(บันทึกสต็อครายวัน!$B$122:$B$9999=$E$2)*(บันทึกสต็อครายวัน!$C$122:$C$9999=B12)*บันทึกสต็อครายวัน!$A$122:$A$9999)),"YYYYMMDD")&"|"&$E$2&"|"&B12,บันทึกสต็อครายวัน!$M$122:$M$9999,0))),"")) -> 357 | F12: =IFERROR(IF(ISBLANK(INDEX(บันทึกสต็อครายวัน!$F$122:$F$9999,MATCH(TEXT($B$2,"YYYYMMDD")&"|"&$E$2&"|"&B12,บันทึกสต็อครายวัน!$M$122:$M$9999,0))),"",INDEX(บันทึกสต็อครายวัน!$F$122:$F$9999,MATCH(TEXT($B$2,"YYYYMMDD")&"|"&$E$2&"|"&B12,บันทึกสต็อครายวัน!$M$122:$M$9999,0))),"") | G12: =IFERROR(IF(ISBLANK(INDEX(บันทึกสต็อครายวัน!$G$122:$G$9999,MATCH(TEXT($B$2,"YYYYMMDD")&"|"&$E$2&"|"&B12,บันทึกสต็อครายวัน!$M$122:$M$9999,0))),"",INDEX(บันทึกสต็อครายวัน!$G$122:$G$9999,MATCH(TEXT($B$2,"YYYYMMDD")&"|"&$E$2&"|"&B12,บันทึกสต็อครายวัน!$M$122:$M$9999,0))),"") | H12: =IFERROR(IF(ISBLANK(INDEX(บันทึกสต็อครายวัน!$H$122:$H$9999,MATCH(TEXT($B$2,"YYYYMMDD")&"|"&$E$2&"|"&B12,บันทึกสต็อครายวัน!$M$122:$M$9999,0))),"",INDEX(บันทึกสต็อครายวัน!$H$122:$H$9999,MATCH(TEXT($B$2,"YYYYMMDD")&"|"&$E$2&"|"&B12,บันทึกสต็อครายวัน!$M$122:$M$9999,0))),"") | I12: =IFERROR(IF(ISBLANK(INDEX(บันทึกสต็อครายวัน!$I$122:$I$9999,MATCH(TEXT($B$2,"YYYYMMDD")&"|"&$E$2&"|"&B12,บันทึกสต็อครายวัน!$M$122:$M$9999,0))),"",INDEX(บันทึกสต็อครายวัน!$I$122:$I$9999,MATCH(TEXT($B$2,"YYYYMMDD")&"|"&$E$2&"|"&B12,บันทึกสต็อครายวัน!$M$122:$M$9999,0))),"") | J12: =IFERROR(IF(ISBLANK(INDEX(บันทึกสต็อครายวัน!$J$122:$J$9999,MATCH(TEXT($B$2,"YYYYMMDD")&"|"&$E$2&"|"&B12,บันทึกสต็อครายวัน!$M$122:$M$9999,0))),"",INDEX(บันทึกสต็อครายวัน!$J$122:$J$9999,MATCH(TEXT($B$2,"YYYYMMDD")&"|"&$E$2&"|"&B12,บันทึกสต็อครายวัน!$M$122:$M$9999,0))),"") | K12: =IFERROR(IF(ISBLANK(INDEX(บันทึกสต็อครายวัน!$K$122:$K$9999,MATCH(TEXT($B$2,"YYYYMMDD")&"|"&$E$2&"|"&B12,บันทึกสต็อครายวัน!$M$122:$M$9999,0))),"",INDEX(บันทึกสต็อครายวัน!$K$122:$K$9999,MATCH(TEXT($B$2,"YYYYMMDD")&"|"&$E$2&"|"&B12,บันทึกสต็อครายวัน!$M$122:$M$9999,0))),"") | L12: =IFERROR(IF(ISBLANK(INDEX(บันทึกสต็อครายวัน!$L$122:$L$9999,MATCH(TEXT($B$2,"YYYYMMDD")&"|"&$E$2&"|"&B12,บันทึกสต็อครายวัน!$M$122:$M$9999,0))),"",INDEX(บันทึกสต็อครายวัน!$L$122:$L$9999,MATCH(TEXT($B$2,"YYYYMMDD")&"|"&$E$2&"|"&B12,บันทึกสต็อครายวัน!$M$122:$M$9999,0))),"")
A13: Yogurt 500g/Box | B13: Greek Yogurt 500g | C13: 500g/Box | D13: =IFERROR(IF(INDEX(บันทึกสต็อครายวัน!$D$122:$D$9999,MATCH(TEXT($B$2,"YYYYMMDD")&"|"&$E$2&"|"&B13,บันทึกสต็อครายวัน!$M$122:$M$9999,0))="",IFERROR(IF(SUMPRODUCT(MAX((บันทึกสต็อครายวัน!$A$122:$A$9999<$B$2)*(บันทึกสต็อครายวัน!$B$122:$B$9999=$E$2)*(บันทึกสต็อครายวัน!$C$122:$C$9999=B13)*บันทึกสต็อครายวัน!$A$122:$A$9999))=0,"",INDEX(บันทึกสต็อครายวัน!$I$122:$I$9999,MATCH(TEXT(SUMPRODUCT(MAX((บันทึกสต็อครายวัน!$A$122:$A$9999<$B$2)*(บันทึกสต็อครายวัน!$B$122:$B$9999=$E$2)*(บันทึกสต็อครายวัน!$C$122:$C$9999=B13)*บันทึกสต็อครายวัน!$A$122:$A$9999)),"YYYYMMDD")&"|"&$E$2&"|"&B13,บันทึกสต็อครายวัน!$M$122:$M$9999,0))),""),INDEX(บันทึกสต็อครายวัน!$D$122:$D$9999,MATCH(TEXT($B$2,"YYYYMMDD")&"|"&$E$2&"|"&B13,บันทึกสต็อครายวัน!$M$122:$M$9999,0))),IFERROR(IF(SUMPRODUCT(MAX((บันทึกสต็อครายวัน!$A$122:$A$9999<$B$2)*(บันทึกสต็อครายวัน!$B$122:$B$9999=$E$2)*(บันทึกสต็อครายวัน!$C$122:$C$9999=B13)*บันทึกสต็อครายวัน!$A$122:$A$9999))=0,"",INDEX(บันทึกสต็อครายวัน!$I$122:$I$9999,MATCH(TEXT(SUMPRODUCT(MAX((บันทึกสต็อครายวัน!$A$122:$A$9999<$B$2)*(บันทึกสต็อครายวัน!$B$122:$B$9999=$E$2)*(บันทึกสต็อครายวัน!$C$122:$C$9999=B13)*บันทึกสต็อครายวัน!$A$122:$A$9999)),"YYYYMMDD")&"|"&$E$2&"|"&B13,บันทึกสต็อครายวัน!$M$122:$M$9999,0))),"")) -> 6 | E13: =IFERROR(IF(INDEX(บันทึกสต็อครายวัน!$E$122:$E$9999,MATCH(TEXT($B$2,"YYYYMMDD")&"|"&$E$2&"|"&B13,บันทึกสต็อครายวัน!$M$122:$M$9999,0))="",IFERROR(IF(SUMPRODUCT(MAX((บันทึกสต็อครายวัน!$A$122:$A$9999<$B$2)*(บันทึกสต็อครายวัน!$B$122:$B$9999=$E$2)*(บันทึกสต็อครายวัน!$C$122:$C$9999=B13)*บันทึกสต็อครายวัน!$A$122:$A$9999))=0,"",INDEX(บันทึกสต็อครายวัน!$J$122:$J$9999,MATCH(TEXT(SUMPRODUCT(MAX((บันทึกสต็อครายวัน!$A$122:$A$9999<$B$2)*(บันทึกสต็อครายวัน!$B$122:$B$9999=$E$2)*(บันทึกสต็อครายวัน!$C$122:$C$9999=B13)*บันทึกสต็อครายวัน!$A$122:$A$9999)),"YYYYMMDD")&"|"&$E$2&"|"&B13,บันทึกสต็อครายวัน!$M$122:$M$9999,0))),""),INDEX(บันทึกสต็อครายวัน!$E$122:$E$9999,MATCH(TEXT($B$2,"YYYYMMDD")&"|"&$E$2&"|"&B13,บันทึกสต็อครายวัน!$M$122:$M$9999,0))),IFERROR(IF(SUMPRODUCT(MAX((บันทึกสต็อครายวัน!$A$122:$A$9999<$B$2)*(บันทึกสต็อครายวัน!$B$122:$B$9999=$E$2)*(บันทึกสต็อครายวัน!$C$122:$C$9999=B13)*บันทึกสต็อครายวัน!$A$122:$A$9999))=0,"",INDEX(บันทึกสต็อครายวัน!$J$122:$J$9999,MATCH(TEXT(SUMPRODUCT(MAX((บันทึกสต็อครายวัน!$A$122:$A$9999<$B$2)*(บันทึกสต็อครายวัน!$B$122:$B$9999=$E$2)*(บันทึกสต็อครายวัน!$C$122:$C$9999=B13)*บันทึกสต็อครายวัน!$A$122:$A$9999)),"YYYYMMDD")&"|"&$E$2&"|"&B13,บันทึกสต็อครายวัน!$M$122:$M$9999,0))),"")) -> 0 | F13: =IFERROR(IF(ISBLANK(INDEX(บันทึกสต็อครายวัน!$F$122:$F$9999,MATCH(TEXT($B$2,"YYYYMMDD")&"|"&$E$2&"|"&B13,บันทึกสต็อครายวัน!$M$122:$M$9999,0))),"",INDEX(บันทึกสต็อครายวัน!$F$122:$F$9999,MATCH(TEXT($B$2,"YYYYMMDD")&"|"&$E$2&"|"&B13,บันทึกสต็อครายวัน!$M$122:$M$9999,0))),"") | G13: =IFERROR(IF(ISBLANK(INDEX(บันทึกสต็อครายวัน!$G$122:$G$9999,MATCH(TEXT($B$2,"YYYYMMDD")&"|"&$E$2&"|"&B13,บันทึกสต็อครายวัน!$M$122:$M$9999,0))),"",INDEX(บันทึกสต็อครายวัน!$G$122:$G$9999,MATCH(TEXT($B$2,"YYYYMMDD")&"|"&$E$2&"|"&B13,บันทึกสต็อครายวัน!$M$122:$M$9999,0))),"") | H13: =IFERROR(IF(ISBLANK(INDEX(บันทึกสต็อครายวัน!$H$122:$H$9999,MATCH(TEXT($B$2,"YYYYMMDD")&"|"&$E$2&"|"&B13,บันทึกสต็อครายวัน!$M$122:$M$9999,0))),"",INDEX(บันทึกสต็อครายวัน!$H$122:$H$9999,MATCH(TEXT($B$2,"YYYYMMDD")&"|"&$E$2&"|"&B13,บันทึกสต็อครายวัน!$M$122:$M$9999,0))),"") | I13: =IFERROR(IF(ISBLANK(INDEX(บันทึกสต็อครายวัน!$I$122:$I$9999,MATCH(TEXT($B$2,"YYYYMMDD")&"|"&$E$2&"|"&B13,บันทึกสต็อครายวัน!$M$122:$M$9999,0))),"",INDEX(บันทึกสต็อครายวัน!$I$122:$I$9999,MATCH(TEXT($B$2,"YYYYMMDD")&"|"&$E$2&"|"&B13,บันทึกสต็อครายวัน!$M$122:$M$9999,0))),"") | J13: =IFERROR(IF(ISBLANK(INDEX(บันทึกสต็อครายวัน!$J$122:$J$9999,MATCH(TEXT($B$2,"YYYYMMDD")&"|"&$E$2&"|"&B13,บันทึกสต็อครายวัน!$M$122:$M$9999,0))),"",INDEX(บันทึกสต็อครายวัน!$J$122:$J$9999,MATCH(TEXT($B$2,"YYYYMMDD")&"|"&$E$2&"|"&B13,บันทึกสต็อครายวัน!$M$122:$M$9999,0))),"") | K13: =IFERROR(IF(ISBLANK(INDEX(บันทึกสต็อครายวัน!$K$122:$K$9999,MATCH(TEXT($B$2,"YYYYMMDD")&"|"&$E$2&"|"&B13,บันทึกสต็อครายวัน!$M$122:$M$9999,0))),"",INDEX(บันทึกสต็อครายวัน!$K$122:$K$9999,MATCH(TEXT($B$2,"YYYYMMDD")&"|"&$E$2&"|"&B13,บันทึกสต็อครายวัน!$M$122:$M$9999,0))),"") | L13: =IFERROR(IF(ISBLANK(INDEX(บันทึกสต็อครายวัน!$L$122:$L$9999,MATCH(TEXT($B$2,"YYYYMMDD")&"|"&$E$2&"|"&B13,บันทึกสต็อครายวัน!$M$122:$M$9999,0))),"",INDEX(บันทึกสต็อครายวัน!$L$122:$L$9999,MATCH(TEXT($B$2,"YYYYMMDD")&"|"&$E$2&"|"&B13,บันทึกสต็อครายวัน!$M$122:$M$9999,0))),"")
A14: Yogurt 500g/Box | B14: Plain Yogurt 500g | C14: 500g/Box | D14: =IFERROR(IF(INDEX(บันทึกสต็อครายวัน!$D$122:$D$9999,MATCH(TEXT($B$2,"YYYYMMDD")&"|"&$E$2&"|"&B14,บันทึกสต็อครายวัน!$M$122:$M$9999,0))="",IFERROR(IF(SUMPRODUCT(MAX((บันทึกสต็อครายวัน!$A$122:$A$9999<$B$2)*(บันทึกสต็อครายวัน!$B$122:$B$9999=$E$2)*(บันทึกสต็อครายวัน!$C$122:$C$9999=B14)*บันทึกสต็อครายวัน!$A$122:$A$9999))=0,"",INDEX(บันทึกสต็อครายวัน!$I$122:$I$9999,MATCH(TEXT(SUMPRODUCT(MAX((บันทึกสต็อครายวัน!$A$122:$A$9999<$B$2)*(บันทึกสต็อครายวัน!$B$122:$B$9999=$E$2)*(บันทึกสต็อครายวัน!$C$122:$C$9999=B14)*บันทึกสต็อครายวัน!$A$122:$A$9999)),"YYYYMMDD")&"|"&$E$2&"|"&B14,บันทึกสต็อครายวัน!$M$122:$M$9999,0))),""),INDEX(บันทึกสต็อครายวัน!$D$122:$D$9999,MATCH(TEXT($B$2,"YYYYMMDD")&"|"&$E$2&"|"&B14,บันทึกสต็อครายวัน!$M$122:$M$9999,0))),IFERROR(IF(SUMPRODUCT(MAX((บันทึกสต็อครายวัน!$A$122:$A$9999<$B$2)*(บันทึกสต็อครายวัน!$B$122:$B$9999=$E$2)*(บันทึกสต็อครายวัน!$C$122:$C$9999=B14)*บันทึกสต็อครายวัน!$A$122:$A$9999))=0,"",INDEX(บันทึกสต็อครายวัน!$I$122:$I$9999,MATCH(TEXT(SUMPRODUCT(MAX((บันทึกสต็อครายวัน!$A$122:$A$9999<$B$2)*(บันทึกสต็อครายวัน!$B$122:$B$9999=$E$2)*(บันทึกสต็อครายวัน!$C$122:$C$9999=B14)*บันทึกสต็อครายวัน!$A$122:$A$9999)),"YYYYMMDD")&"|"&$E$2&"|"&B14,บันทึกสต็อครายวัน!$M$122:$M$9999,0))),"")) -> 2 | E14: =IFERROR(IF(INDEX(บันทึกสต็อครายวัน!$E$122:$E$9999,MATCH(TEXT($B$2,"YYYYMMDD")&"|"&$E$2&"|"&B14,บันทึกสต็อครายวัน!$M$122:$M$9999,0))="",IFERROR(IF(SUMPRODUCT(MAX((บันทึกสต็อครายวัน!$A$122:$A$9999<$B$2)*(บันทึกสต็อครายวัน!$B$122:$B$9999=$E$2)*(บันทึกสต็อครายวัน!$C$122:$C$9999=B14)*บันทึกสต็อครายวัน!$A$122:$A$9999))=0,"",INDEX(บันทึกสต็อครายวัน!$J$122:$J$9999,MATCH(TEXT(SUMPRODUCT(MAX((บันทึกสต็อครายวัน!$A$122:$A$9999<$B$2)*(บันทึกสต็อครายวัน!$B$122:$B$9999=$E$2)*(บันทึกสต็อครายวัน!$C$122:$C$9999=B14)*บันทึกสต็อครายวัน!$A$122:$A$9999)),"YYYYMMDD")&"|"&$E$2&"|"&B14,บันทึกสต็อครายวัน!$M$122:$M$9999,0))),""),INDEX(บันทึกสต็อครายวัน!$E$122:$E$9999,MATCH(TEXT($B$2,"YYYYMMDD")&"|"&$E$2&"|"&B14,บันทึกสต็อครายวัน!$M$122:$M$9999,0))),IFERROR(IF(SUMPRODUCT(MAX((บันทึกสต็อครายวัน!$A$122:$A$9999<$B$2)*(บันทึกสต็อครายวัน!$B$122:$B$9999=$E$2)*(บันทึกสต็อครายวัน!$C$122:$C$9999=B14)*บันทึกสต็อครายวัน!$A$122:$A$9999))=0,"",INDEX(บันทึกสต็อครายวัน!$J$122:$J$9999,MATCH(TEXT(SUMPRODUCT(MAX((บันทึกสต็อครายวัน!$A$122:$A$9999<$B$2)*(บันทึกสต็อครายวัน!$B$122:$B$9999=$E$2)*(บันทึกสต็อครายวัน!$C$122:$C$9999=B14)*บันทึกสต็อครายวัน!$A$122:$A$9999)),"YYYYMMDD")&"|"&$E$2&"|"&B14,บันทึกสต็อครายวัน!$M$122:$M$9999,0))),"")) -> 0 | F14: =IFERROR(IF(ISBLANK(INDEX(บันทึกสต็อครายวัน!$F$122:$F$9999,MATCH(TEXT($B$2,"YYYYMMDD")&"|"&$E$2&"|"&B14,บันทึกสต็อครายวัน!$M$122:$M$9999,0))),"",INDEX(บันทึกสต็อครายวัน!$F$122:$F$9999,MATCH(TEXT($B$2,"YYYYMMDD")&"|"&$E$2&"|"&B14,บันทึกสต็อครายวัน!$M$122:$M$9999,0))),"") | G14: =IFERROR(IF(ISBLANK(INDEX(บันทึกสต็อครายวัน!$G$122:$G$9999,MATCH(TEXT($B$2,"YYYYMMDD")&"|"&$E$2&"|"&B14,บันทึกสต็อครายวัน!$M$122:$M$9999,0))),"",INDEX(บันทึกสต็อครายวัน!$G$122:$G$9999,MATCH(TEXT($B$2,"YYYYMMDD")&"|"&$E$2&"|"&B14,บันทึกสต็อครายวัน!$M$122:$M$9999,0))),"") | H14: =IFERROR(IF(ISBLANK(INDEX(บันทึกสต็อครายวัน!$H$122:$H$9999,MATCH(TEXT($B$2,"YYYYMMDD")&"|"&$E$2&"|"&B14,บันทึกสต็อครายวัน!$M$122:$M$9999,0))),"",INDEX(บันทึกสต็อครายวัน!$H$122:$H$9999,MATCH(TEXT($B$2,"YYYYMMDD")&"|"&$E$2&"|"&B14,บันทึกสต็อครายวัน!$M$122:$M$9999,0))),"") | I14: =IFERROR(IF(ISBLANK(INDEX(บันทึกสต็อครายวัน!$I$122:$I$9999,MATCH(TEXT($B$2,"YYYYMMDD")&"|"&$E$2&"|"&B14,บันทึกสต็อครายวัน!$M$122:$M$9999,0))),"",INDEX(บันทึกสต็อครายวัน!$I$122:$I$9999,MATCH(TEXT($B$2,"YYYYMMDD")&"|"&$E$2&"|"&B14,บันทึกสต็อครายวัน!$M$122:$M$9999,0))),"") | J14: =IFERROR(IF(ISBLANK(INDEX(บันทึกสต็อครายวัน!$J$122:$J$9999,MATCH(TEXT($B$2,"YYYYMMDD")&"|"&$E$2&"|"&B14,บันทึกสต็อครายวัน!$M$122:$M$9999,0))),"",INDEX(บันทึกสต็อครายวัน!$J$122:$J$9999,MATCH(TEXT($B$2,"YYYYMMDD")&"|"&$E$2&"|"&B14,บันทึกสต็อครายวัน!$M$122:$M$9999,0))),"") | K14: =IFERROR(IF(ISBLANK(INDEX(บันทึกสต็อครายวัน!$K$122:$K$9999,MATCH(TEXT($B$2,"YYYYMMDD")&"|"&$E$2&"|"&B14,บันทึกสต็อครายวัน!$M$122:$M$9999,0))),"",INDEX(บันทึกสต็อครายวัน!$K$122:$K$9999,MATCH(TEXT($B$2,"YYYYMMDD")&"|"&$E$2&"|"&B14,บันทึกสต็อครายวัน!$M$122:$M$9999,0))),"") | L14: =IFERROR(IF(ISBLANK(INDEX(บันทึกสต็อครายวัน!$L$122:$L$9999,MATCH(TEXT($B$2,"YYYYMMDD")&"|"&$E$2&"|"&B14,บันทึกสต็อครายวัน!$M$122:$M$9999,0))),"",INDEX(บันทึกสต็อครายวัน!$L$122:$L$9999,MATCH(TEXT($B$2,"YYYYMMDD")&"|"&$E$2&"|"&B14,บันทึกสต็อครายวัน!$M$122:$M$9999,0))),"")
A15: ACAI | B15: R-ACAI Bowl | C15: Bowl | D15: =IFERROR(IF(INDEX(บันทึกสต็อครายวัน!$D$122:$D$9999,MATCH(TEXT($B$2,"YYYYMMDD")&"|"&$E$2&"|"&B15,บันทึกสต็อครายวัน!$M$122:$M$9999,0))="",IFERROR(IF(SUMPRODUCT(MAX((บันทึกสต็อครายวัน!$A$122:$A$9999<$B$2)*(บันทึกสต็อครายวัน!$B$122:$B$9999=$E$2)*(บันทึกสต็อครายวัน!$C$122:$C$9999=B15)*บันทึกสต็อครายวัน!$A$122:$A$9999))=0,"",INDEX(บันทึกสต็อครายวัน!$I$122:$I$9999,MATCH(TEXT(SUMPRODUCT(MAX((บันทึกสต็อครายวัน!$A$122:$A$9999<$B$2)*(บันทึกสต็อครายวัน!$B$122:$B$9999=$E$2)*(บันทึกสต็อครายวัน!$C$122:$C$9999=B15)*บันทึกสต็อครายวัน!$A$122:$A$9999)),"YYYYMMDD")&"|"&$E$2&"|"&B15,บันทึกสต็อครายวัน!$M$122:$M$9999,0))),""),INDEX(บันทึกสต็อครายวัน!$D$122:$D$9999,MATCH(TEXT($B$2,"YYYYMMDD")&"|"&$E$2&"|"&B15,บันทึกสต็อครายวัน!$M$122:$M$9999,0))),IFERROR(IF(SUMPRODUCT(MAX((บันทึกสต็อครายวัน!$A$122:$A$9999<$B$2)*(บันทึกสต็อครายวัน!$B$122:$B$9999=$E$2)*(บันทึกสต็อครายวัน!$C$122:$C$9999=B15)*บันทึกสต็อครายวัน!$A$122:$A$9999))=0,"",INDEX(บันทึกสต็อครายวัน!$I$122:$I$9999,MATCH(TEXT(SUMPRODUCT(MAX((บันทึกสต็อครายวัน!$A$122:$A$9999<$B$2)*(บันทึกสต็อครายวัน!$B$122:$B$9999=$E$2)*(บันทึกสต็อครายวัน!$C$122:$C$9999=B15)*บันทึกสต็อครายวัน!$A$122:$A$9999)),"YYYYMMDD")&"|"&$E$2&"|"&B15,บันทึกสต็อครายวัน!$M$122:$M$9999,0))),"")) -> 15 | E15: =IFERROR(IF(INDEX(บันทึกสต็อครายวัน!$E$122:$E$9999,MATCH(TEXT($B$2,"YYYYMMDD")&"|"&$E$2&"|"&B15,บันทึกสต็อครายวัน!$M$122:$M$9999,0))="",IFERROR(IF(SUMPRODUCT(MAX((บันทึกสต็อครายวัน!$A$122:$A$9999<$B$2)*(บันทึกสต็อครายวัน!$B$122:$B$9999=$E$2)*(บันทึกสต็อครายวัน!$C$122:$C$9999=B15)*บันทึกสต็อครายวัน!$A$122:$A$9999))=0,"",INDEX(บันทึกสต็อครายวัน!$J$122:$J$9999,MATCH(TEXT(SUMPRODUCT(MAX((บันทึกสต็อครายวัน!$A$122:$A$9999<$B$2)*(บันทึกสต็อครายวัน!$B$122:$B$9999=$E$2)*(บันทึกสต็อครายวัน!$C$122:$C$9999=B15)*บันทึกสต็อครายวัน!$A$122:$A$9999)),"YYYYMMDD")&"|"&$E$2&"|"&B15,บันทึกสต็อครายวัน!$M$122:$M$9999,0))),""),INDEX(บันทึกสต็อครายวัน!$E$122:$E$9999,MATCH(TEXT($B$2,"YYYYMMDD")&"|"&$E$2&"|"&B15,บันทึกสต็อครายวัน!$M$122:$M$9999,0))),IFERROR(IF(SUMPRODUCT(MAX((บันทึกสต็อครายวัน!$A$122:$A$9999<$B$2)*(บันทึกสต็อครายวัน!$B$122:$B$9999=$E$2)*(บันทึกสต็อครายวัน!$C$122:$C$9999=B15)*บันทึกสต็อครายวัน!$A$122:$A$9999))=0,"",INDEX(บันทึกสต็อครายวัน!$J$122:$J$9999,MATCH(TEXT(SUMPRODUCT(MAX((บันทึกสต็อครายวัน!$A$122:$A$9999<$B$2)*(บันทึกสต็อครายวัน!$B$122:$B$9999=$E$2)*(บันทึกสต็อครายวัน!$C$122:$C$9999=B15)*บันทึกสต็อครายวัน!$A$122:$A$9999)),"YYYYMMDD")&"|"&$E$2&"|"&B15,บันทึกสต็อครายวัน!$M$122:$M$9999,0))),"")) -> 0 | F15: =IFERROR(IF(ISBLANK(INDEX(บันทึกสต็อครายวัน!$F$122:$F$9999,MATCH(TEXT($B$2,"YYYYMMDD")&"|"&$E$2&"|"&B15,บันทึกสต็อครายวัน!$M$122:$M$9999,0))),"",INDEX(บันทึกสต็อครายวัน!$F$122:$F$9999,MATCH(TEXT($B$2,"YYYYMMDD")&"|"&$E$2&"|"&B15,บันทึกสต็อครายวัน!$M$122:$M$9999,0))),"") | G15: =IFERROR(IF(ISBLANK(INDEX(บันทึกสต็อครายวัน!$G$122:$G$9999,MATCH(TEXT($B$2,"YYYYMMDD")&"|"&$E$2&"|"&B15,บันทึกสต็อครายวัน!$M$122:$M$9999,0))),"",INDEX(บันทึกสต็อครายวัน!$G$122:$G$9999,MATCH(TEXT($B$2,"YYYYMMDD")&"|"&$E$2&"|"&B15,บันทึกสต็อครายวัน!$M$122:$M$9999,0))),"") | H15: =IFERROR(IF(ISBLANK(INDEX(บันทึกสต็อครายวัน!$H$122:$H$9999,MATCH(TEXT($B$2,"YYYYMMDD")&"|"&$E$2&"|"&B15,บันทึกสต็อครายวัน!$M$122:$M$9999,0))),"",INDEX(บันทึกสต็อครายวัน!$H$122:$H$9999,MATCH(TEXT($B$2,"YYYYMMDD")&"|"&$E$2&"|"&B15,บันทึกสต็อครายวัน!$M$122:$M$9999,0))),"") | I15: =IFERROR(IF(ISBLANK(INDEX(บันทึกสต็อครายวัน!$I$122:$I$9999,MATCH(TEXT($B$2,"YYYYMMDD")&"|"&$E$2&"|"&B15,บันทึกสต็อครายวัน!$M$122:$M$9999,0))),"",INDEX(บันทึกสต็อครายวัน!$I$122:$I$9999,MATCH(TEXT($B$2,"YYYYMMDD")&"|"&$E$2&"|"&B15,บันทึกสต็อครายวัน!$M$122:$M$9999,0))),"") | J15: =IFERROR(IF(ISBLANK(INDEX(บันทึกสต็อครายวัน!$J$122:$J$9999,MATCH(TEXT($B$2,"YYYYMMDD")&"|"&$E$2&"|"&B15,บันทึกสต็อครายวัน!$M$122:$M$9999,0))),"",INDEX(บันทึกสต็อครายวัน!$J$122:$J$9999,MATCH(TEXT($B$2,"YYYYMMDD")&"|"&$E$2&"|"&B15,บันทึกสต็อครายวัน!$M$122:$M$9999,0))),"") | K15: =IFERROR(IF(ISBLANK(INDEX(บันทึกสต็อครายวัน!$K$122:$K$9999,MATCH(TEXT($B$2,"YYYYMMDD")&"|"&$E$2&"|"&B15,บันทึกสต็อครายวัน!$M$122:$M$9999,0))),"",INDEX(บันทึกสต็อครายวัน!$K$122:$K$9999,MATCH(TEXT($B$2,"YYYYMMDD")&"|"&$E$2&"|"&B15,บันทึกสต็อครายวัน!$M$122:$M$9999,0))),"") | L15: =IFERROR(IF(ISBLANK(INDEX(บันทึกสต็อครายวัน!$L$122:$L$9999,MATCH(TEXT($B$2,"YYYYMMDD")&"|"&$E$2&"|"&B15,บันทึกสต็อครายวัน!$M$122:$M$9999,0))),"",INDEX(บันทึกสต็อครายวัน!$L$122:$L$9999,MATCH(TEXT($B$2,"YYYYMMDD")&"|"&$E$2&"|"&B15,บันทึกสต็อครายวัน!$M$122:$M$9999,0))),"")
... A59: CUP/ถ้วย | B59: Cup (14oz) | C59: 50/pack | D59: =IFERROR(IF(INDEX(บันทึกสต็อครายวัน!$D$122:$D$9999,MATCH(TEXT($B$2,"YYYYMMDD")&"|"&$E$2&"|"&B59,บันทึกสต็อครายวัน!$M$122:$M$9999,0))="",IFERROR(IF(SUMPRODUCT(MAX((บันทึกสต็อครายวัน!$A$122:$A$9999<$B$2)*(บันทึกสต็อครายวัน!$B$122:$B$9999=$E$2)*(บันทึกสต็อครายวัน!$C$122:$C$9999=B59)*บันทึกสต็อครายวัน!$A$122:$A$9999))=0,"",INDEX(บันทึกสต็อครายวัน!$I$122:$I$9999,MATCH(TEXT(SUMPRODUCT(MAX((บันทึกสต็อครายวัน!$A$122:$A$9999<$B$2)*(บันทึกสต็อครายวัน!$B$122:$B$9999=$E$2)*(บันทึกสต็อครายวัน!$C$122:$C$9999=B59)*บันทึกสต็อครายวัน!$A$122:$A$9999)),"YYYYMMDD")&"|"&$E$2&"|"&B59,บันทึกสต็อครายวัน!$M$122:$M$9999,0))),""),INDEX(บันทึกสต็อครายวัน!$D$122:$D$9999,MATCH(TEXT($B$2,"YYYYMMDD")&"|"&$E$2&"|"&B59,บันทึกสต็อครายวัน!$M$122:$M$9999,0))),IFERROR(IF(SUMPRODUCT(MAX((บันทึกสต็อครายวัน!$A$122:$A$9999<$B$2)*(บันทึกสต็อครายวัน!$B$122:$B$9999=$E$2)*(บันทึกสต็อครายวัน!$C$122:$C$9999=B59)*บันทึกสต็อครายวัน!$A$122:$A$9999))=0,"",INDEX(บันทึกสต็อครายวัน!$I$122:$I$9999,MATCH(TEXT(SUMPRODUCT(MAX((บันทึกสต็อครายวัน!$A$122:$A$9999<$B$2)*(บันทึกสต็อครายวัน!$B$122:$B$9999=$E$2)*(บันทึกสต็อครายวัน!$C$122:$C$9999=B59)*บันทึกสต็อครายวัน!$A$122:$A$9999)),"YYYYMMDD")&"|"&$E$2&"|"&B59,บันทึกสต็อครายวัน!$M$122:$M$9999,0))),"")) -> 2 | E59: =IFERROR(IF(INDEX(บันทึกสต็อครายวัน!$E$122:$E$9999,MATCH(TEXT($B$2,"YYYYMMDD")&"|"&$E$2&"|"&B59,บันทึกสต็อครายวัน!$M$122:$M$9999,0))="",IFERROR(IF(SUMPRODUCT(MAX((บันทึกสต็อครายวัน!$A$122:$A$9999<$B$2)*(บันทึกสต็อครายวัน!$B$122:$B$9999=$E$2)*(บันทึกสต็อครายวัน!$C$122:$C$9999=B59)*บันทึกสต็อครายวัน!$A$122:$A$9999))=0,"",INDEX(บันทึกสต็อครายวัน!$J$122:$J$9999,MATCH(TEXT(SUMPRODUCT(MAX((บันทึกสต็อครายวัน!$A$122:$A$9999<$B$2)*(บันทึกสต็อครายวัน!$B$122:$B$9999=$E$2)*(บันทึกสต็อครายวัน!$C$122:$C$9999=B59)*บันทึกสต็อครายวัน!$A$122:$A$9999)),"YYYYMMDD")&"|"&$E$2&"|"&B59,บันทึกสต็อครายวัน!$M$122:$M$9999,0))),""),INDEX(บันทึกสต็อครายวัน!$E$122:$E$9999,MATCH(TEXT($B$2,"YYYYMMDD")&"|"&$E$2&"|"&B59,บันทึกสต็อครายวัน!$M$122:$M$9999,0))),IFERROR(IF(SUMPRODUCT(MAX((บันทึกสต็อครายวัน!$A$122:$A$9999<$B$2)*(บันทึกสต็อครายวัน!$B$122:$B$9999=$E$2)*(บันทึกสต็อครายวัน!$C$122:$C$9999=B59)*บันทึกสต็อครายวัน!$A$122:$A$9999))=0,"",INDEX(บันทึกสต็อครายวัน!$J$122:$J$9999,MATCH(TEXT(SUMPRODUCT(MAX((บันทึกสต็อครายวัน!$A$122:$A$9999<$B$2)*(บันทึกสต็อครายวัน!$B$122:$B$9999=$E$2)*(บันทึกสต็อครายวัน!$C$122:$C$9999=B59)*บันทึกสต็อครายวัน!$A$122:$A$9999)),"YYYYMMDD")&"|"&$E$2&"|"&B59,บันทึกสต็อครายวัน!$M$122:$M$9999,0))),"")) -> 10 | F59: =IFERROR(IF(ISBLANK(INDEX(บันทึกสต็อครายวัน!$F$122:$F$9999,MATCH(TEXT($B$2,"YYYYMMDD")&"|"&$E$2&"|"&B59,บันทึกสต็อครายวัน!$M$122:$M$9999,0))),"",INDEX(บันทึกสต็อครายวัน!$F$122:$F$9999,MATCH(TEXT($B$2,"YYYYMMDD")&"|"&$E$2&"|"&B59,บันทึกสต็อครายวัน!$M$122:$M$9999,0))),"") | G59: =IFERROR(IF(ISBLANK(INDEX(บันทึกสต็อครายวัน!$G$122:$G$9999,MATCH(TEXT($B$2,"YYYYMMDD")&"|"&$E$2&"|"&B59,บันทึกสต็อครายวัน!$M$122:$M$9999,0))),"",INDEX(บันทึกสต็อครายวัน!$G$122:$G$9999,MATCH(TEXT($B$2,"YYYYMMDD")&"|"&$E$2&"|"&B59,บันทึกสต็อครายวัน!$M$122:$M$9999,0))),"") | H59: =IFERROR(IF(ISBLANK(INDEX(บันทึกสต็อครายวัน!$H$122:$H$9999,MATCH(TEXT($B$2,"YYYYMMDD")&"|"&$E$2&"|"&B59,บันทึกสต็อครายวัน!$M$122:$M$9999,0))),"",INDEX(บันทึกสต็อครายวัน!$H$122:$H$9999,MATCH(TEXT($B$2,"YYYYMMDD")&"|"&$E$2&"|"&B59,บันทึกสต็อครายวัน!$M$122:$M$9999,0))),"") | I59: =IFERROR(IF(ISBLANK(INDEX(บันทึกสต็อครายวัน!$I$122:$I$9999,MATCH(TEXT($B$2,"YYYYMMDD")&"|"&$E$2&"|"&B59,บันทึกสต็อครายวัน!$M$122:$M$9999,0))),"",INDEX(บันทึกสต็อครายวัน!$I$122:$I$9999,MATCH(TEXT($B$2,"YYYYMMDD")&"|"&$E$2&"|"&B59,บันทึกสต็อครายวัน!$M$122:$M$9999,0))),"") | J59: =IFERROR(IF(ISBLANK(INDEX(บันทึกสต็อครายวัน!$J$122:$J$9999,MATCH(TEXT($B$2,"YYYYMMDD")&"|"&$E$2&"|"&B59,บันทึกสต็อครายวัน!$M$122:$M$9999,0))),"",INDEX(บันทึกสต็อครายวัน!$J$122:$J$9999,MATCH(TEXT($B$2,"YYYYMMDD")&"|"&$E$2&"|"&B59,บันทึกสต็อครายวัน!$M$122:$M$9999,0))),"") | K59: =IFERROR(IF(ISBLANK(INDEX(บันทึกสต็อครายวัน!$K$122:$K$9999,MATCH(TEXT($B$2,"YYYYMMDD")&"|"&$E$2&"|"&B59,บันทึกสต็อครายวัน!$M$122:$M$9999,0))),"",INDEX(บันทึกสต็อครายวัน!$K$122:$K$9999,MATCH(TEXT($B$2,"YYYYMMDD")&"|"&$E$2&"|"&B59,บันทึกสต็อครายวัน!$M$122:$M$9999,0))),"") | L59: =IFERROR(IF(ISBLANK(INDEX(บันทึกสต็อครายวัน!$L$122:$L$9999,MATCH(TEXT($B$2,"YYYYMMDD")&"|"&$E$2&"|"&B59,บันทึกสต็อครายวัน!$M$122:$M$9999,0))),"",INDEX(บันทึกสต็อครายวัน!$L$122:$L$9999,MATCH(TEXT($B$2,"YYYYMMDD")&"|"&$E$2&"|"&B59,บันทึกสต็อครายวัน!$M$122:$M$9999,0))),"")
A60: CUP/ถ้วย | B60: 🔢 รวมถ้วยทั้งหมด | C60: ชิ้น
A61: TOPPING CUP | B61: Cup 3oz (Topping) | C61: 50/pack | D61: =IFERROR(IF(INDEX(บันทึกสต็อครายวัน!$D$122:$D$9999,MATCH(TEXT($B$2,"YYYYMMDD")&"|"&$E$2&"|"&B61,บันทึกสต็อครายวัน!$M$122:$M$9999,0))="",IFERROR(IF(SUMPRODUCT(MAX((บันทึกสต็อครายวัน!$A$122:$A$9999<$B$2)*(บันทึกสต็อครายวัน!$B$122:$B$9999=$E$2)*(บันทึกสต็อครายวัน!$C$122:$C$9999=B61)*บันทึกสต็อครายวัน!$A$122:$A$9999))=0,"",INDEX(บันทึกสต็อครายวัน!$I$122:$I$9999,MATCH(TEXT(SUMPRODUCT(MAX((บันทึกสต็อครายวัน!$A$122:$A$9999<$B$2)*(บันทึกสต็อครายวัน!$B$122:$B$9999=$E$2)*(บันทึกสต็อครายวัน!$C$122:$C$9999=B61)*บันทึกสต็อครายวัน!$A$122:$A$9999)),"YYYYMMDD")&"|"&$E$2&"|"&B61,บันทึกสต็อครายวัน!$M$122:$M$9999,0))),""),INDEX(บันทึกสต็อครายวัน!$D$122:$D$9999,MATCH(TEXT($B$2,"YYYYMMDD")&"|"&$E$2&"|"&B61,บันทึกสต็อครายวัน!$M$122:$M$9999,0))),IFERROR(IF(SUMPRODUCT(MAX((บันทึกสต็อครายวัน!$A$122:$A$9999<$B$2)*(บันทึกสต็อครายวัน!$B$122:$B$9999=$E$2)*(บันทึกสต็อครายวัน!$C$122:$C$9999=B61)*บันทึกสต็อครายวัน!$A$122:$A$9999))=0,"",INDEX(บันทึกสต็อครายวัน!$I$122:$I$9999,MATCH(TEXT(SUMPRODUCT(MAX((บันทึกสต็อครายวัน!$A$122:$A$9999<$B$2)*(บันทึกสต็อครายวัน!$B$122:$B$9999=$E$2)*(บันทึกสต็อครายวัน!$C$122:$C$9999=B61)*บันทึกสต็อครายวัน!$A$122:$A$9999)),"YYYYMMDD")&"|"&$E$2&"|"&B61,บันทึกสต็อครายวัน!$M$122:$M$9999,0))),"")) -> 2 | E61: =IFERROR(IF(INDEX(บันทึกสต็อครายวัน!$E$122:$E$9999,MATCH(TEXT($B$2,"YYYYMMDD")&"|"&$E$2&"|"&B61,บันทึกสต็อครายวัน!$M$122:$M$9999,0))="",IFERROR(IF(SUMPRODUCT(MAX((บันทึกสต็อครายวัน!$A$122:$A$9999<$B$2)*(บันทึกสต็อครายวัน!$B$122:$B$9999=$E$2)*(บันทึกสต็อครายวัน!$C$122:$C$9999=B61)*บันทึกสต็อครายวัน!$A$122:$A$9999))=0,"",INDEX(บันทึกสต็อครายวัน!$J$122:$J$9999,MATCH(TEXT(SUMPRODUCT(MAX((บันทึกสต็อครายวัน!$A$122:$A$9999<$B$2)*(บันทึกสต็อครายวัน!$B$122:$B$9999=$E$2)*(บันทึกสต็อครายวัน!$C$122:$C$9999=B61)*บันทึกสต็อครายวัน!$A$122:$A$9999)),"YYYYMMDD")&"|"&$E$2&"|"&B61,บันทึกสต็อครายวัน!$M$122:$M$9999,0))),""),INDEX(บันทึกสต็อครายวัน!$E$122:$E$9999,MATCH(TEXT($B$2,"YYYYMMDD")&"|"&$E$2&"|"&B61,บันทึกสต็อครายวัน!$M$122:$M$9999,0))),IFERROR(IF(SUMPRODUCT(MAX((บันทึกสต็อครายวัน!$A$122:$A$9999<$B$2)*(บันทึกสต็อครายวัน!$B$122:$B$9999=$E$2)*(บันทึกสต็อครายวัน!$C$122:$C$9999=B61)*บันทึกสต็อครายวัน!$A$122:$A$9999))=0,"",INDEX(บันทึกสต็อครายวัน!$J$122:$J$9999,MATCH(TEXT(SUMPRODUCT(MAX((บันทึกสต็อครายวัน!$A$122:$A$9999<$B$2)*(บันทึกสต็อครายวัน!$B$122:$B$9999=$E$2)*(บันทึกสต็อครายวัน!$C$122:$C$9999=B61)*บันทึกสต็อครายวัน!$A$122:$A$9999)),"YYYYMMDD")&"|"&$E$2&"|"&B61,บันทึกสต็อครายวัน!$M$122:$M$9999,0))),"")) -> 0 | F61: =IFERROR(IF(ISBLANK(INDEX(บันทึกสต็อครายวัน!$F$122:$F$9999,MATCH(TEXT($B$2,"YYYYMMDD")&"|"&$E$2&"|"&B61,บันทึกสต็อครายวัน!$M$122:$M$9999,0))),"",INDEX(บันทึกสต็อครายวัน!$F$122:$F$9999,MATCH(TEXT($B$2,"YYYYMMDD")&"|"&$E$2&"|"&B61,บันทึกสต็อครายวัน!$M$122:$M$9999,0))),"") | G61: =IFERROR(IF(ISBLANK(INDEX(บันทึกสต็อครายวัน!$G$122:$G$9999,MATCH(TEXT($B$2,"YYYYMMDD")&"|"&$E$2&"|"&B61,บันทึกสต็อครายวัน!$M$122:$M$9999,0))),"",INDEX(บันทึกสต็อครายวัน!$G$122:$G$9999,MATCH(TEXT($B$2,"YYYYMMDD")&"|"&$E$2&"|"&B61,บันทึกสต็อครายวัน!$M$122:$M$9999,0))),"") | H61: =IFERROR(IF(ISBLANK(INDEX(บันทึกสต็อครายวัน!$H$122:$H$9999,MATCH(TEXT($B$2,"YYYYMMDD")&"|"&$E$2&"|"&B61,บันทึกสต็อครายวัน!$M$122:$M$9999,0))),"",INDEX(บันทึกสต็อครายวัน!$H$122:$H$9999,MATCH(TEXT($B$2,"YYYYMMDD")&"|"&$E$2&"|"&B61,บันทึกสต็อครายวัน!$M$122:$M$9999,0))),"") | I61: =IFERROR(IF(ISBLANK(INDEX(บันทึกสต็อครายวัน!$I$122:$I$9999,MATCH(TEXT($B$2,"YYYYMMDD")&"|"&$E$2&"|"&B61,บันทึกสต็อครายวัน!$M$122:$M$9999,0))),"",INDEX(บันทึกสต็อครายวัน!$I$122:$I$9999,MATCH(TEXT($B$2,"YYYYMMDD")&"|"&$E$2&"|"&B61,บันทึกสต็อครายวัน!$M$122:$M$9999,0))),"") | J61: =IFERROR(IF(ISBLANK(INDEX(บันทึกสต็อครายวัน!$J$122:$J$9999,MATCH(TEXT($B$2,"YYYYMMDD")&"|"&$E$2&"|"&B61,บันทึกสต็อครายวัน!$M$122:$M$9999,0))),"",INDEX(บันทึกสต็อครายวัน!$J$122:$J$9999,MATCH(TEXT($B$2,"YYYYMMDD")&"|"&$E$2&"|"&B61,บันทึกสต็อครายวัน!$M$122:$M$9999,0))),"") | K61: =IFERROR(IF(ISBLANK(INDEX(บันทึกสต็อครายวัน!$K$122:$K$9999,MATCH(TEXT($B$2,"YYYYMMDD")&"|"&$E$2&"|"&B61,บันทึกสต็อครายวัน!$M$122:$M$9999,0))),"",INDEX(บันทึกสต็อครายวัน!$K$122:$K$9999,MATCH(TEXT($B$2,"YYYYMMDD")&"|"&$E$2&"|"&B61,บันทึกสต็อครายวัน!$M$122:$M$9999,0))),"") | L61: =IFERROR(IF(ISBLANK(INDEX(บันทึกสต็อครายวัน!$L$122:$L$9999,MATCH(TEXT($B$2,"YYYYMMDD")&"|"&$E$2&"|"&B61,บันทึกสต็อครายวัน!$M$122:$M$9999,0))),"",INDEX(บันทึกสต็อครายวัน!$L$122:$L$9999,MATCH(TEXT($B$2,"YYYYMMDD")&"|"&$E$2&"|"&B61,บันทึกสต็อครายวัน!$M$122:$M$9999,0))),"")
A62: TOPPING CUP | B62: Cup+Lid (Big) 3oz | C62: 50/pack | D62: =IFERROR(IF(INDEX(บันทึกสต็อครายวัน!$D$122:$D$9999,MATCH(TEXT($B$2,"YYYYMMDD")&"|"&$E$2&"|"&B62,บันทึกสต็อครายวัน!$M$122:$M$9999,0))="",IFERROR(IF(SUMPRODUCT(MAX((บันทึกสต็อครายวัน!$A$122:$A$9999<$B$2)*(บันทึกสต็อครายวัน!$B$122:$B$9999=$E$2)*(บันทึกสต็อครายวัน!$C$122:$C$9999=B62)*บันทึกสต็อครายวัน!$A$122:$A$9999))=0,"",INDEX(บันทึกสต็อครายวัน!$I$122:$I$9999,MATCH(TEXT(SUMPRODUCT(MAX((บันทึกสต็อครายวัน!$A$122:$A$9999<$B$2)*(บันทึกสต็อครายวัน!$B$122:$B$9999=$E$2)*(บันทึกสต็อครายวัน!$C$122:$C$9999=B62)*บันทึกสต็อครายวัน!$A$122:$A$9999)),"YYYYMMDD")&"|"&$E$2&"|"&B62,บันทึกสต็อครายวัน!$M$122:$M$9999,0))),""),INDEX(บันทึกสต็อครายวัน!$D$122:$D$9999,MATCH(TEXT($B$2,"YYYYMMDD")&"|"&$E$2&"|"&B62,บันทึกสต็อครายวัน!$M$122:$M$9999,0))),IFERROR(IF(SUMPRODUCT(MAX((บันทึกสต็อครายวัน!$A$122:$A$9999<$B$2)*(บันทึกสต็อครายวัน!$B$122:$B$9999=$E$2)*(บันทึกสต็อครายวัน!$C$122:$C$9999=B62)*บันทึกสต็อครายวัน!$A$122:$A$9999))=0,"",INDEX(บันทึกสต็อครายวัน!$I$122:$I$9999,MATCH(TEXT(SUMPRODUCT(MAX((บันทึกสต็อครายวัน!$A$122:$A$9999<$B$2)*(บันทึกสต็อครายวัน!$B$122:$B$9999=$E$2)*(บันทึกสต็อครายวัน!$C$122:$C$9999=B62)*บันทึกสต็อครายวัน!$A$122:$A$9999)),"YYYYMMDD")&"|"&$E$2&"|"&B62,บันทึกสต็อครายวัน!$M$122:$M$9999,0))),"")) -> 2 | E62: =IFERROR(IF(INDEX(บันทึกสต็อครายวัน!$E$122:$E$9999,MATCH(TEXT($B$2,"YYYYMMDD")&"|"&$E$2&"|"&B62,บันทึกสต็อครายวัน!$M$122:$M$9999,0))="",IFERROR(IF(SUMPRODUCT(MAX((บันทึกสต็อครายวัน!$A$122:$A$9999<$B$2)*(บันทึกสต็อครายวัน!$B$122:$B$9999=$E$2)*(บันทึกสต็อครายวัน!$C$122:$C$9999=B62)*บันทึกสต็อครายวัน!$A$122:$A$9999))=0,"",INDEX(บันทึกสต็อครายวัน!$J$122:$J$9999,MATCH(TEXT(SUMPRODUCT(MAX((บันทึกสต็อครายวัน!$A$122:$A$9999<$B$2)*(บันทึกสต็อครายวัน!$B$122:$B$9999=$E$2)*(บันทึกสต็อครายวัน!$C$122:$C$9999=B62)*บันทึกสต็อครายวัน!$A$122:$A$9999)),"YYYYMMDD")&"|"&$E$2&"|"&B62,บันทึกสต็อครายวัน!$M$122:$M$9999,0))),""),INDEX(บันทึกสต็อครายวัน!$E$122:$E$9999,MATCH(TEXT($B$2,"YYYYMMDD")&"|"&$E$2&"|"&B62,บันทึกสต็อครายวัน!$M$122:$M$9999,0))),IFERROR(IF(SUMPRODUCT(MAX((บันทึกสต็อครายวัน!$A$122:$A$9999<$B$2)*(บันทึกสต็อครายวัน!$B$122:$B$9999=$E$2)*(บันทึกสต็อครายวัน!$C$122:$C$9999=B62)*บันทึกสต็อครายวัน!$A$122:$A$9999))=0,"",INDEX(บันทึกสต็อครายวัน!$J$122:$J$9999,MATCH(TEXT(SUMPRODUCT(MAX((บันทึกสต็อครายวัน!$A$122:$A$9999<$B$2)*(บันทึกสต็อครายวัน!$B$122:$B$9999=$E$2)*(บันทึกสต็อครายวัน!$C$122:$C$9999=B62)*บันทึกสต็อครายวัน!$A$122:$A$9999)),"YYYYMMDD")&"|"&$E$2&"|"&B62,บันทึกสต็อครายวัน!$M$122:$M$9999,0))),"")) -> 0 | F62: =IFERROR(IF(ISBLANK(INDEX(บันทึกสต็อครายวัน!$F$122:$F$9999,MATCH(TEXT($B$2,"YYYYMMDD")&"|"&$E$2&"|"&B62,บันทึกสต็อครายวัน!$M$122:$M$9999,0))),"",INDEX(บันทึกสต็อครายวัน!$F$122:$F$9999,MATCH(TEXT($B$2,"YYYYMMDD")&"|"&$E$2&"|"&B62,บันทึกสต็อครายวัน!$M$122:$M$9999,0))),"") | G62: =IFERROR(IF(ISBLANK(INDEX(บันทึกสต็อครายวัน!$G$122:$G$9999,MATCH(TEXT($B$2,"YYYYMMDD")&"|"&$E$2&"|"&B62,บันทึกสต็อครายวัน!$M$122:$M$9999,0))),"",INDEX(บันทึกสต็อครายวัน!$G$122:$G$9999,MATCH(TEXT($B$2,"YYYYMMDD")&"|"&$E$2&"|"&B62,บันทึกสต็อครายวัน!$M$122:$M$9999,0))),"") | H62: =IFERROR(IF(ISBLANK(INDEX(บันทึกสต็อครายวัน!$H$122:$H$9999,MATCH(TEXT($B$2,"YYYYMMDD")&"|"&$E$2&"|"&B62,บันทึกสต็อครายวัน!$M$122:$M$9999,0))),"",INDEX(บันทึกสต็อครายวัน!$H$122:$H$9999,MATCH(TEXT($B$2,"YYYYMMDD")&"|"&$E$2&"|"&B62,บันทึกสต็อครายวัน!$M$122:$M$9999,0))),"") | I62: =IFERROR(IF(ISBLANK(INDEX(บันทึกสต็อครายวัน!$I$122:$I$9999,MATCH(TEXT($B$2,"YYYYMMDD")&"|"&$E$2&"|"&B62,บันทึกสต็อครายวัน!$M$122:$M$9999,0))),"",INDEX(บันทึกสต็อครายวัน!$I$122:$I$9999,MATCH(TEXT($B$2,"YYYYMMDD")&"|"&$E$2&"|"&B62,บันทึกสต็อครายวัน!$M$122:$M$9999,0))),"") | J62: =IFERROR(IF(ISBLANK(INDEX(บันทึกสต็อครายวัน!$J$122:$J$9999,MATCH(TEXT($B$2,"YYYYMMDD")&"|"&$E$2&"|"&B62,บันทึกสต็อครายวัน!$M$122:$M$9999,0))),"",INDEX(บันทึกสต็อครายวัน!$J$122:$J$9999,MATCH(TEXT($B$2,"YYYYMMDD")&"|"&$E$2&"|"&B62,บันทึกสต็อครายวัน!$M$122:$M$9999,0))),"") | K62: =IFERROR(IF(ISBLANK(INDEX(บันทึกสต็อครายวัน!$K$122:$K$9999,MATCH(TEXT($B$2,"YYYYMMDD")&"|"&$E$2&"|"&B62,บันทึกสต็อครายวัน!$M$122:$M$9999,0))),"",INDEX(บันทึกสต็อครายวัน!$K$122:$K$9999,MATCH(TEXT($B$2,"YYYYMMDD")&"|"&$E$2&"|"&B62,บันทึกสต็อครายวัน!$M$122:$M$9999,0))),"") | L62: =IFERROR(IF(ISBLANK(INDEX(บันทึกสต็อครายวัน!$L$122:$L$9999,MATCH(TEXT($B$2,"YYYYMMDD")&"|"&$E$2&"|"&B62,บันทึกสต็อครายวัน!$M$122:$M$9999,0))),"",INDEX(บันทึกสต็อครายวัน!$L$122:$L$9999,MATCH(TEXT($B$2,"YYYYMMDD")&"|"&$E$2&"|"&B62,บันทึกสต็อครายวัน!$M$122:$M$9999,0))),"")
A63: TOPPING CUP | B63: Cup+Lid (Small) 1oz | C63: 50/pack | D63: =IFERROR(IF(INDEX(บันทึกสต็อครายวัน!$D$122:$D$9999,MATCH(TEXT($B$2,"YYYYMMDD")&"|"&$E$2&"|"&B63,บันทึกสต็อครายวัน!$M$122:$M$9999,0))="",IFERROR(IF(SUMPRODUCT(MAX((บันทึกสต็อครายวัน!$A$122:$A$9999<$B$2)*(บันทึกสต็อครายวัน!$B$122:$B$9999=$E$2)*(บันทึกสต็อครายวัน!$C$122:$C$9999=B63)*บันทึกสต็อครายวัน!$A$122:$A$9999))=0,"",INDEX(บันทึกสต็อครายวัน!$I$122:$I$9999,MATCH(TEXT(SUMPRODUCT(MAX((บันทึกสต็อครายวัน!$A$122:$A$9999<$B$2)*(บันทึกสต็อครายวัน!$B$122:$B$9999=$E$2)*(บันทึกสต็อครายวัน!$C$122:$C$9999=B63)*บันทึกสต็อครายวัน!$A$122:$A$9999)),"YYYYMMDD")&"|"&$E$2&"|"&B63,บันทึกสต็อครายวัน!$M$122:$M$9999,0))),""),INDEX(บันทึกสต็อครายวัน!$D$122:$D$9999,MATCH(TEXT($B$2,"YYYYMMDD")&"|"&$E$2&"|"&B63,บันทึกสต็อครายวัน!$M$122:$M$9999,0))),IFERROR(IF(SUMPRODUCT(MAX((บันทึกสต็อครายวัน!$A$122:$A$9999<$B$2)*(บันทึกสต็อครายวัน!$B$122:$B$9999=$E$2)*(บันทึกสต็อครายวัน!$C$122:$C$9999=B63)*บันทึกสต็อครายวัน!$A$122:$A$9999))=0,"",INDEX(บันทึกสต็อครายวัน!$I$122:$I$9999,MATCH(TEXT(SUMPRODUCT(MAX((บันทึกสต็อครายวัน!$A$122:$A$9999<$B$2)*(บันทึกสต็อครายวัน!$B$122:$B$9999=$E$2)*(บันทึกสต็อครายวัน!$C$122:$C$9999=B63)*บันทึกสต็อครายวัน!$A$122:$A$9999)),"YYYYMMDD")&"|"&$E$2&"|"&B63,บันทึกสต็อครายวัน!$M$122:$M$9999,0))),"")) -> 2 | E63: =IFERROR(IF(INDEX(บันทึกสต็อครายวัน!$E$122:$E$9999,MATCH(TEXT($B$2,"YYYYMMDD")&"|"&$E$2&"|"&B63,บันทึกสต็อครายวัน!$M$122:$M$9999,0))="",IFERROR(IF(SUMPRODUCT(MAX((บันทึกสต็อครายวัน!$A$122:$A$9999<$B$2)*(บันทึกสต็อครายวัน!$B$122:$B$9999=$E$2)*(บันทึกสต็อครายวัน!$C$122:$C$9999=B63)*บันทึกสต็อครายวัน!$A$122:$A$9999))=0,"",INDEX(บันทึกสต็อครายวัน!$J$122:$J$9999,MATCH(TEXT(SUMPRODUCT(MAX((บันทึกสต็อครายวัน!$A$122:$A$9999<$B$2)*(บันทึกสต็อครายวัน!$B$122:$B$9999=$E$2)*(บันทึกสต็อครายวัน!$C$122:$C$9999=B63)*บันทึกสต็อครายวัน!$A$122:$A$9999)),"YYYYMMDD")&"|"&$E$2&"|"&B63,บันทึกสต็อครายวัน!$M$122:$M$9999,0))),""),INDEX(บันทึกสต็อครายวัน!$E$122:$E$9999,MATCH(TEXT($B$2,"YYYYMMDD")&"|"&$E$2&"|"&B63,บันทึกสต็อครายวัน!$M$122:$M$9999,0))),IFERROR(IF(SUMPRODUCT(MAX((บันทึกสต็อครายวัน!$A$122:$A$9999<$B$2)*(บันทึกสต็อครายวัน!$B$122:$B$9999=$E$2)*(บันทึกสต็อครายวัน!$C$122:$C$9999=B63)*บันทึกสต็อครายวัน!$A$122:$A$9999))=0,"",INDEX(บันทึกสต็อครายวัน!$J$122:$J$9999,MATCH(TEXT(SUMPRODUCT(MAX((บันทึกสต็อครายวัน!$A$122:$A$9999<$B$2)*(บันทึกสต็อครายวัน!$B$122:$B$9999=$E$2)*(บันทึกสต็อครายวัน!$C$122:$C$9999=B63)*บันทึกสต็อครายวัน!$A$122:$A$9999)),"YYYYMMDD")&"|"&$E$2&"|"&B63,บันทึกสต็อครายวัน!$M$122:$M$9999,0))),"")) -> 0 | F63: =IFERROR(IF(ISBLANK(INDEX(บันทึกสต็อครายวัน!$F$122:$F$9999,MATCH(TEXT($B$2,"YYYYMMDD")&"|"&$E$2&"|"&B63,บันทึกสต็อครายวัน!$M$122:$M$9999,0))),"",INDEX(บันทึกสต็อครายวัน!$F$122:$F$9999,MATCH(TEXT($B$2,"YYYYMMDD")&"|"&$E$2&"|"&B63,บันทึกสต็อครายวัน!$M$122:$M$9999,0))),"") | G63: =IFERROR(IF(ISBLANK(INDEX(บันทึกสต็อครายวัน!$G$122:$G$9999,MATCH(TEXT($B$2,"YYYYMMDD")&"|"&$E$2&"|"&B63,บันทึกสต็อครายวัน!$M$122:$M$9999,0))),"",INDEX(บันทึกสต็อครายวัน!$G$122:$G$9999,MATCH(TEXT($B$2,"YYYYMMDD")&"|"&$E$2&"|"&B63,บันทึกสต็อครายวัน!$M$122:$M$9999,0))),"") | H63: =IFERROR(IF(ISBLANK(INDEX(บันทึกสต็อครายวัน!$H$122:$H$9999,MATCH(TEXT($B$2,"YYYYMMDD")&"|"&$E$2&"|"&B63,บันทึกสต็อครายวัน!$M$122:$M$9999,0))),"",INDEX(บันทึกสต็อครายวัน!$H$122:$H$9999,MATCH(TEXT($B$2,"YYYYMMDD")&"|"&$E$2&"|"&B63,บันทึกสต็อครายวัน!$M$122:$M$9999,0))),"") | I63: =IFERROR(IF(ISBLANK(INDEX(บันทึกสต็อครายวัน!$I$122:$I$9999,MATCH(TEXT($B$2,"YYYYMMDD")&"|"&$E$2&"|"&B63,บันทึกสต็อครายวัน!$M$122:$M$9999,0))),"",INDEX(บันทึกสต็อครายวัน!$I$122:$I$9999,MATCH(TEXT($B$2,"YYYYMMDD")&"|"&$E$2&"|"&B63,บันทึกสต็อครายวัน!$M$122:$M$9999,0))),"") | J63: =IFERROR(IF(ISBLANK(INDEX(บันทึกสต็อครายวัน!$J$122:$J$9999,MATCH(TEXT($B$2,"YYYYMMDD")&"|"&$E$2&"|"&B63,บันทึกสต็อครายวัน!$M$122:$M$9999,0))),"",INDEX(บันทึกสต็อครายวัน!$J$122:$J$9999,MATCH(TEXT($B$2,"YYYYMMDD")&"|"&$E$2&"|"&B63,บันทึกสต็อครายวัน!$M$122:$M$9999,0))),"") | K63: =IFERROR(IF(ISBLANK(INDEX(บันทึกสต็อครายวัน!$K$122:$K$9999,MATCH(TEXT($B$2,"YYYYMMDD")&"|"&$E$2&"|"&B63,บันทึกสต็อครายวัน!$M$122:$M$9999,0))),"",INDEX(บันทึกสต็อครายวัน!$K$122:$K$9999,MATCH(TEXT($B$2,"YYYYMMDD")&"|"&$E$2&"|"&B63,บันทึกสต็อครายวัน!$M$122:$M$9999,0))),"") | L63: =IFERROR(IF(ISBLANK(INDEX(บันทึกสต็อครายวัน!$L$122:$L$9999,MATCH(TEXT($B$2,"YYYYMMDD")&"|"&$E$2&"|"&B63,บันทึกสต็อครายวัน!$M$122:$M$9999,0))),"",INDEX(บันทึกสต็อครายวัน!$L$122:$L$9999,MATCH(TEXT($B$2,"YYYYMMDD")&"|"&$E$2&"|"&B63,บันทึกสต็อครายวัน!$M$122:$M$9999,0))),"")
A64: LID/ฝา | B64: Bowl Lid | C64: 50/pack | D64: =IFERROR(IF(INDEX(บันทึกสต็อครายวัน!$D$122:$D$9999,MATCH(TEXT($B$2,"YYYYMMDD")&"|"&$E$2&"|"&B64,บันทึกสต็อครายวัน!$M$122:$M$9999,0))="",IFERROR(IF(SUMPRODUCT(MAX((บันทึกสต็อครายวัน!$A$122:$A$9999<$B$2)*(บันทึกสต็อครายวัน!$B$122:$B$9999=$E$2)*(บันทึกสต็อครายวัน!$C$122:$C$9999=B64)*บันทึกสต็อครายวัน!$A$122:$A$9999))=0,"",INDEX(บันทึกสต็อครายวัน!$I$122:$I$9999,MATCH(TEXT(SUMPRODUCT(MAX((บันทึกสต็อครายวัน!$A$122:$A$9999<$B$2)*(บันทึกสต็อครายวัน!$B$122:$B$9999=$E$2)*(บันทึกสต็อครายวัน!$C$122:$C$9999=B64)*บันทึกสต็อครายวัน!$A$122:$A$9999)),"YYYYMMDD")&"|"&$E$2&"|"&B64,บันทึกสต็อครายวัน!$M$122:$M$9999,0))),""),INDEX(บันทึกสต็อครายวัน!$D$122:$D$9999,MATCH(TEXT($B$2,"YYYYMMDD")&"|"&$E$2&"|"&B64,บันทึกสต็อครายวัน!$M$122:$M$9999,0))),IFERROR(IF(SUMPRODUCT(MAX((บันทึกสต็อครายวัน!$A$122:$A$9999<$B$2)*(บันทึกสต็อครายวัน!$B$122:$B$9999=$E$2)*(บันทึกสต็อครายวัน!$C$122:$C$9999=B64)*บันทึกสต็อครายวัน!$A$122:$A$9999))=0,"",INDEX(บันทึกสต็อครายวัน!$I$122:$I$9999,MATCH(TEXT(SUMPRODUCT(MAX((บันทึกสต็อครายวัน!$A$122:$A$9999<$B$2)*(บันทึกสต็อครายวัน!$B$122:$B$9999=$E$2)*(บันทึกสต็อครายวัน!$C$122:$C$9999=B64)*บันทึกสต็อครายวัน!$A$122:$A$9999)),"YYYYMMDD")&"|"&$E$2&"|"&B64,บันทึกสต็อครายวัน!$M$122:$M$9999,0))),"")) -> 1 | E64: =IFERROR(IF(INDEX(บันทึกสต็อครายวัน!$E$122:$E$9999,MATCH(TEXT($B$2,"YYYYMMDD")&"|"&$E$2&"|"&B64,บันทึกสต็อครายวัน!$M$122:$M$9999,0))="",IFERROR(IF(SUMPRODUCT(MAX((บันทึกสต็อครายวัน!$A$122:$A$9999<$B$2)*(บันทึกสต็อครายวัน!$B$122:$B$9999=$E$2)*(บันทึกสต็อครายวัน!$C$122:$C$9999=B64)*บันทึกสต็อครายวัน!$A$122:$A$9999))=0,"",INDEX(บันทึกสต็อครายวัน!$J$122:$J$9999,MATCH(TEXT(SUMPRODUCT(MAX((บันทึกสต็อครายวัน!$A$122:$A$9999<$B$2)*(บันทึกสต็อครายวัน!$B$122:$B$9999=$E$2)*(บันทึกสต็อครายวัน!$C$122:$C$9999=B64)*บันทึกสต็อครายวัน!$A$122:$A$9999)),"YYYYMMDD")&"|"&$E$2&"|"&B64,บันทึกสต็อครายวัน!$M$122:$M$9999,0))),""),INDEX(บันทึกสต็อครายวัน!$E$122:$E$9999,MATCH(TEXT($B$2,"YYYYMMDD")&"|"&$E$2&"|"&B64,บันทึกสต็อครายวัน!$M$122:$M$9999,0))),IFERROR(IF(SUMPRODUCT(MAX((บันทึกสต็อครายวัน!$A$122:$A$9999<$B$2)*(บันทึกสต็อครายวัน!$B$122:$B$9999=$E$2)*(บันทึกสต็อครายวัน!$C$122:$C$9999=B64)*บันทึกสต็อครายวัน!$A$122:$A$9999))=0,"",INDEX(บันทึกสต็อครายวัน!$J$122:$J$9999,MATCH(TEXT(SUMPRODUCT(MAX((บันทึกสต็อครายวัน!$A$122:$A$9999<$B$2)*(บันทึกสต็อครายวัน!$B$122:$B$9999=$E$2)*(บันทึกสต็อครายวัน!$C$122:$C$9999=B64)*บันทึกสต็อครายวัน!$A$122:$A$9999)),"YYYYMMDD")&"|"&$E$2&"|"&B64,บันทึกสต็อครายวัน!$M$122:$M$9999,0))),"")) -> 0 | F64: =IFERROR(IF(ISBLANK(INDEX(บันทึกสต็อครายวัน!$F$122:$F$9999,MATCH(TEXT($B$2,"YYYYMMDD")&"|"&$E$2&"|"&B64,บันทึกสต็อครายวัน!$M$122:$M$9999,0))),"",INDEX(บันทึกสต็อครายวัน!$F$122:$F$9999,MATCH(TEXT($B$2,"YYYYMMDD")&"|"&$E$2&"|"&B64,บันทึกสต็อครายวัน!$M$122:$M$9999,0))),"") | G64: =IFERROR(IF(ISBLANK(INDEX(บันทึกสต็อครายวัน!$G$122:$G$9999,MATCH(TEXT($B$2,"YYYYMMDD")&"|"&$E$2&"|"&B64,บันทึกสต็อครายวัน!$M$122:$M$9999,0))),"",INDEX(บันทึกสต็อครายวัน!$G$122:$G$9999,MATCH(TEXT($B$2,"YYYYMMDD")&"|"&$E$2&"|"&B64,บันทึกสต็อครายวัน!$M$122:$M$9999,0))),"") | H64: =IFERROR(IF(ISBLANK(INDEX(บันทึกสต็อครายวัน!$H$122:$H$9999,MATCH(TEXT($B$2,"YYYYMMDD")&"|"&$E$2&"|"&B64,บันทึกสต็อครายวัน!$M$122:$M$9999,0))),"",INDEX(บันทึกสต็อครายวัน!$H$122:$H$9999,MATCH(TEXT($B$2,"YYYYMMDD")&"|"&$E$2&"|"&B64,บันทึกสต็อครายวัน!$M$122:$M$9999,0))),"") | I64: =IFERROR(IF(ISBLANK(INDEX(บันทึกสต็อครายวัน!$I$122:$I$9999,MATCH(TEXT($B$2,"YYYYMMDD")&"|"&$E$2&"|"&B64,บันทึกสต็อครายวัน!$M$122:$M$9999,0))),"",INDEX(บันทึกสต็อครายวัน!$I$122:$I$9999,MATCH(TEXT($B$2,"YYYYMMDD")&"|"&$E$2&"|"&B64,บันทึกสต็อครายวัน!$M$122:$M$9999,0))),"") | J64: =IFERROR(IF(ISBLANK(INDEX(บันทึกสต็อครายวัน!$J$122:$J$9999,MATCH(TEXT($B$2,"YYYYMMDD")&"|"&$E$2&"|"&B64,บันทึกสต็อครายวัน!$M$122:$M$9999,0))),"",INDEX(บันทึกสต็อครายวัน!$J$122:$J$9999,MATCH(TEXT($B$2,"YYYYMMDD")&"|"&$E$2&"|"&B64,บันทึกสต็อครายวัน!$M$122:$M$9999,0))),"") | K64: =IFERROR(IF(ISBLANK(INDEX(บันทึกสต็อครายวัน!$K$122:$K$9999,MATCH(TEXT($B$2,"YYYYMMDD")&"|"&$E$2&"|"&B64,บันทึกสต็อครายวัน!$M$122:$M$9999,0))),"",INDEX(บันทึกสต็อครายวัน!$K$122:$K$9999,MATCH(TEXT($B$2,"YYYYMMDD")&"|"&$E$2&"|"&B64,บันทึกสต็อครายวัน!$M$122:$M$9999,0))),"") | L64: =IFERROR(IF(ISBLANK(INDEX(บันทึกสต็อครายวัน!$L$122:$L$9999,MATCH(TEXT($B$2,"YYYYMMDD")&"|"&$E$2&"|"&B64,บันทึกสต็อครายวัน!$M$122:$M$9999,0))),"",INDEX(บันทึกสต็อครายวัน!$L$122:$L$9999,MATCH(TEXT($B$2,"YYYYMMDD")&"|"&$E$2&"|"&B64,บันทึกสต็อครายวัน!$M$122:$M$9999,0))),"")
A65: LID/ฝา | B65: Smoothies Lid | C65: 50/pack | D65: =IFERROR(IF(INDEX(บันทึกสต็อครายวัน!$D$122:$D$9999,MATCH(TEXT($B$2,"YYYYMMDD")&"|"&$E$2&"|"&B65,บันทึกสต็อครายวัน!$M$122:$M$9999,0))="",IFERROR(IF(SUMPRODUCT(MAX((บันทึกสต็อครายวัน!$A$122:$A$9999<$B$2)*(บันทึกสต็อครายวัน!$B$122:$B$9999=$E$2)*(บันทึกสต็อครายวัน!$C$122:$C$9999=B65)*บันทึกสต็อครายวัน!$A$122:$A$9999))=0,"",INDEX(บันทึกสต็อครายวัน!$I$122:$I$9999,MATCH(TEXT(SUMPRODUCT(MAX((บันทึกสต็อครายวัน!$A$122:$A$9999<$B$2)*(บันทึกสต็อครายวัน!$B$122:$B$9999=$E$2)*(บันทึกสต็อครายวัน!$C$122:$C$9999=B65)*บันทึกสต็อครายวัน!$A$122:$A$9999)),"YYYYMMDD")&"|"&$E$2&"|"&B65,บันทึกสต็อครายวัน!$M$122:$M$9999,0))),""),INDEX(บันทึกสต็อครายวัน!$D$122:$D$9999,MATCH(TEXT($B$2,"YYYYMMDD")&"|"&$E$2&"|"&B65,บันทึกสต็อครายวัน!$M$122:$M$9999,0))),IFERROR(IF(SUMPRODUCT(MAX((บันทึกสต็อครายวัน!$A$122:$A$9999<$B$2)*(บันทึกสต็อครายวัน!$B$122:$B$9999=$E$2)*(บันทึกสต็อครายวัน!$C$122:$C$9999=B65)*บันทึกสต็อครายวัน!$A$122:$A$9999))=0,"",INDEX(บันทึกสต็อครายวัน!$I$122:$I$9999,MATCH(TEXT(SUMPRODUCT(MAX((บันทึกสต็อครายวัน!$A$122:$A$9999<$B$2)*(บันทึกสต็อครายวัน!$B$122:$B$9999=$E$2)*(บันทึกสต็อครายวัน!$C$122:$C$9999=B65)*บันทึกสต็อครายวัน!$A$122:$A$9999)),"YYYYMMDD")&"|"&$E$2&"|"&B65,บันทึกสต็อครายวัน!$M$122:$M$9999,0))),"")) -> 1 | E65: =IFERROR(IF(INDEX(บันทึกสต็อครายวัน!$E$122:$E$9999,MATCH(TEXT($B$2,"YYYYMMDD")&"|"&$E$2&"|"&B65,บันทึกสต็อครายวัน!$M$122:$M$9999,0))="",IFERROR(IF(SUMPRODUCT(MAX((บันทึกสต็อครายวัน!$A$122:$A$9999<$B$2)*(บันทึกสต็อครายวัน!$B$122:$B$9999=$E$2)*(บันทึกสต็อครายวัน!$C$122:$C$9999=B65)*บันทึกสต็อครายวัน!$A$122:$A$9999))=0,"",INDEX(บันทึกสต็อครายวัน!$J$122:$J$9999,MATCH(TEXT(SUMPRODUCT(MAX((บันทึกสต็อครายวัน!$A$122:$A$9999<$B$2)*(บันทึกสต็อครายวัน!$B$122:$B$9999=$E$2)*(บันทึกสต็อครายวัน!$C$122:$C$9999=B65)*บันทึกสต็อครายวัน!$A$122:$A$9999)),"YYYYMMDD")&"|"&$E$2&"|"&B65,บันทึกสต็อครายวัน!$M$122:$M$9999,0))),""),INDEX(บันทึกสต็อครายวัน!$E$122:$E$9999,MATCH(TEXT($B$2,"YYYYMMDD")&"|"&$E$2&"|"&B65,บันทึกสต็อครายวัน!$M$122:$M$9999,0))),IFERROR(IF(SUMPRODUCT(MAX((บันทึกสต็อครายวัน!$A$122:$A$9999<$B$2)*(บันทึกสต็อครายวัน!$B$122:$B$9999=$E$2)*(บันทึกสต็อครายวัน!$C$122:$C$9999=B65)*บันทึกสต็อครายวัน!$A$122:$A$9999))=0,"",INDEX(บันทึกสต็อครายวัน!$J$122:$J$9999,MATCH(TEXT(SUMPRODUCT(MAX((บันทึกสต็อครายวัน!$A$122:$A$9999<$B$2)*(บันทึกสต็อครายวัน!$B$122:$B$9999=$E$2)*(บันทึกสต็อครายวัน!$C$122:$C$9999=B65)*บันทึกสต็อครายวัน!$A$122:$A$9999)),"YYYYMMDD")&"|"&$E$2&"|"&B65,บันทึกสต็อครายวัน!$M$122:$M$9999,0))),"")) -> 0 | F65: =IFERROR(IF(ISBLANK(INDEX(บันทึกสต็อครายวัน!$F$122:$F$9999,MATCH(TEXT($B$2,"YYYYMMDD")&"|"&$E$2&"|"&B65,บันทึกสต็อครายวัน!$M$122:$M$9999,0))),"",INDEX(บันทึกสต็อครายวัน!$F$122:$F$9999,MATCH(TEXT($B$2,"YYYYMMDD")&"|"&$E$2&"|"&B65,บันทึกสต็อครายวัน!$M$122:$M$9999,0))),"") | G65: =IFERROR(IF(ISBLANK(INDEX(บันทึกสต็อครายวัน!$G$122:$G$9999,MATCH(TEXT($B$2,"YYYYMMDD")&"|"&$E$2&"|"&B65,บันทึกสต็อครายวัน!$M$122:$M$9999,0))),"",INDEX(บันทึกสต็อครายวัน!$G$122:$G$9999,MATCH(TEXT($B$2,"YYYYMMDD")&"|"&$E$2&"|"&B65,บันทึกสต็อครายวัน!$M$122:$M$9999,0))),"") | H65: =IFERROR(IF(ISBLANK(INDEX(บันทึกสต็อครายวัน!$H$122:$H$9999,MATCH(TEXT($B$2,"YYYYMMDD")&"|"&$E$2&"|"&B65,บันทึกสต็อครายวัน!$M$122:$M$9999,0))),"",INDEX(บันทึกสต็อครายวัน!$H$122:$H$9999,MATCH(TEXT($B$2,"YYYYMMDD")&"|"&$E$2&"|"&B65,บันทึกสต็อครายวัน!$M$122:$M$9999,0))),"") | I65: =IFERROR(IF(ISBLANK(INDEX(บันทึกสต็อครายวัน!$I$122:$I$9999,MATCH(TEXT($B$2,"YYYYMMDD")&"|"&$E$2&"|"&B65,บันทึกสต็อครายวัน!$M$122:$M$9999,0))),"",INDEX(บันทึกสต็อครายวัน!$I$122:$I$9999,MATCH(TEXT($B$2,"YYYYMMDD")&"|"&$E$2&"|"&B65,บันทึกสต็อครายวัน!$M$122:$M$9999,0))),"") | J65: =IFERROR(IF(ISBLANK(INDEX(บันทึกสต็อครายวัน!$J$122:$J$9999,MATCH(TEXT($B$2,"YYYYMMDD")&"|"&$E$2&"|"&B65,บันทึกสต็อครายวัน!$M$122:$M$9999,0))),"",INDEX(บันทึกสต็อครายวัน!$J$122:$J$9999,MATCH(TEXT($B$2,"YYYYMMDD")&"|"&$E$2&"|"&B65,บันทึกสต็อครายวัน!$M$122:$M$9999,0))),"") | K65: =IFERROR(IF(ISBLANK(INDEX(บันทึกสต็อครายวัน!$K$122:$K$9999,MATCH(TEXT($B$2,"YYYYMMDD")&"|"&$E$2&"|"&B65,บันทึกสต็อครายวัน!$M$122:$M$9999,0))),"",INDEX(บันทึกสต็อครายวัน!$K$122:$K$9999,MATCH(TEXT($B$2,"YYYYMMDD")&"|"&$E$2&"|"&B65,บันทึกสต็อครายวัน!$M$122:$M$9999,0))),"") | L65: =IFERROR(IF(ISBLANK(INDEX(บันทึกสต็อครายวัน!$L$122:$L$9999,MATCH(TEXT($B$2,"YYYYMMDD")&"|"&$E$2&"|"&B65,บันทึกสต็อครายวัน!$M$122:$M$9999,0))),"",INDEX(บันทึกสต็อครายวัน!$L$122:$L$9999,MATCH(TEXT($B$2,"YYYYMMDD")&"|"&$E$2&"|"&B65,บันทึกสต็อครายวัน!$M$122:$M$9999,0))),"")
A66: LID/ฝา | B66: Lid S (92) | C66: 50/pack | D66: =IFERROR(IF(INDEX(บันทึกสต็อครายวัน!$D$122:$D$9999,MATCH(TEXT($B$2,"YYYYMMDD")&"|"&$E$2&"|"&B66,บันทึกสต็อครายวัน!$M$122:$M$9999,0))="",IFERROR(IF(SUMPRODUCT(MAX((บันทึกสต็อครายวัน!$A$122:$A$9999<$B$2)*(บันทึกสต็อครายวัน!$B$122:$B$9999=$E$2)*(บันทึกสต็อครายวัน!$C$122:$C$9999=B66)*บันทึกสต็อครายวัน!$A$122:$A$9999))=0,"",INDEX(บันทึกสต็อครายวัน!$I$122:$I$9999,MATCH(TEXT(SUMPRODUCT(MAX((บันทึกสต็อครายวัน!$A$122:$A$9999<$B$2)*(บันทึกสต็อครายวัน!$B$122:$B$9999=$E$2)*(บันทึกสต็อครายวัน!$C$122:$C$9999=B66)*บันทึกสต็อครายวัน!$A$122:$A$9999)),"YYYYMMDD")&"|"&$E$2&"|"&B66,บันทึกสต็อครายวัน!$M$122:$M$9999,0))),""),INDEX(บันทึกสต็อครายวัน!$D$122:$D$9999,MATCH(TEXT($B$2,"YYYYMMDD")&"|"&$E$2&"|"&B66,บันทึกสต็อครายวัน!$M$122:$M$9999,0))),IFERROR(IF(SUMPRODUCT(MAX((บันทึกสต็อครายวัน!$A$122:$A$9999<$B$2)*(บันทึกสต็อครายวัน!$B$122:$B$9999=$E$2)*(บันทึกสต็อครายวัน!$C$122:$C$9999=B66)*บันทึกสต็อครายวัน!$A$122:$A$9999))=0,"",INDEX(บันทึกสต็อครายวัน!$I$122:$I$9999,MATCH(TEXT(SUMPRODUCT(MAX((บันทึกสต็อครายวัน!$A$122:$A$9999<$B$2)*(บันทึกสต็อครายวัน!$B$122:$B$9999=$E$2)*(บันทึกสต็อครายวัน!$C$122:$C$9999=B66)*บันทึกสต็อครายวัน!$A$122:$A$9999)),"YYYYMMDD")&"|"&$E$2&"|"&B66,บันทึกสต็อครายวัน!$M$122:$M$9999,0))),"")) -> 2 | E66: =IFERROR(IF(INDEX(บันทึกสต็อครายวัน!$E$122:$E$9999,MATCH(TEXT($B$2,"YYYYMMDD")&"|"&$E$2&"|"&B66,บันทึกสต็อครายวัน!$M$122:$M$9999,0))="",IFERROR(IF(SUMPRODUCT(MAX((บันทึกสต็อครายวัน!$A$122:$A$9999<$B$2)*(บันทึกสต็อครายวัน!$B$122:$B$9999=$E$2)*(บันทึกสต็อครายวัน!$C$122:$C$9999=B66)*บันทึกสต็อครายวัน!$A$122:$A$9999))=0,"",INDEX(บันทึกสต็อครายวัน!$J$122:$J$9999,MATCH(TEXT(SUMPRODUCT(MAX((บันทึกสต็อครายวัน!$A$122:$A$9999<$B$2)*(บันทึกสต็อครายวัน!$B$122:$B$9999=$E$2)*(บันทึกสต็อครายวัน!$C$122:$C$9999=B66)*บันทึกสต็อครายวัน!$A$122:$A$9999)),"YYYYMMDD")&"|"&$E$2&"|"&B66,บันทึกสต็อครายวัน!$M$122:$M$9999,0))),""),INDEX(บันทึกสต็อครายวัน!$E$122:$E$9999,MATCH(TEXT($B$2,"YYYYMMDD")&"|"&$E$2&"|"&B66,บันทึกสต็อครายวัน!$M$122:$M$9999,0))),IFERROR(IF(SUMPRODUCT(MAX((บันทึกสต็อครายวัน!$A$122:$A$9999<$B$2)*(บันทึกสต็อครายวัน!$B$122:$B$9999=$E$2)*(บันทึกสต็อครายวัน!$C$122:$C$9999=B66)*บันทึกสต็อครายวัน!$A$122:$A$9999))=0,"",INDEX(บันทึกสต็อครายวัน!$J$122:$J$9999,MATCH(TEXT(SUMPRODUCT(MAX((บันทึกสต็อครายวัน!$A$122:$A$9999<$B$2)*(บันทึกสต็อครายวัน!$B$122:$B$9999=$E$2)*(บันทึกสต็อครายวัน!$C$122:$C$9999=B66)*บันทึกสต็อครายวัน!$A$122:$A$9999)),"YYYYMMDD")&"|"&$E$2&"|"&B66,บันทึกสต็อครายวัน!$M$122:$M$9999,0))),"")) -> 0 | F66: =IFERROR(IF(ISBLANK(INDEX(บันทึกสต็อครายวัน!$F$122:$F$9999,MATCH(TEXT($B$2,"YYYYMMDD")&"|"&$E$2&"|"&B66,บันทึกสต็อครายวัน!$M$122:$M$9999,0))),"",INDEX(บันทึกสต็อครายวัน!$F$122:$F$9999,MATCH(TEXT($B$2,"YYYYMMDD")&"|"&$E$2&"|"&B66,บันทึกสต็อครายวัน!$M$122:$M$9999,0))),"") | G66: =IFERROR(IF(ISBLANK(INDEX(บันทึกสต็อครายวัน!$G$122:$G$9999,MATCH(TEXT($B$2,"YYYYMMDD")&"|"&$E$2&"|"&B66,บันทึกสต็อครายวัน!$M$122:$M$9999,0))),"",INDEX(บันทึกสต็อครายวัน!$G$122:$G$9999,MATCH(TEXT($B$2,"YYYYMMDD")&"|"&$E$2&"|"&B66,บันทึกสต็อครายวัน!$M$122:$M$9999,0))),"") | H66: =IFERROR(IF(ISBLANK(INDEX(บันทึกสต็อครายวัน!$H$122:$H$9999,MATCH(TEXT($B$2,"YYYYMMDD")&"|"&$E$2&"|"&B66,บันทึกสต็อครายวัน!$M$122:$M$9999,0))),"",INDEX(บันทึกสต็อครายวัน!$H$122:$H$9999,MATCH(TEXT($B$2,"YYYYMMDD")&"|"&$E$2&"|"&B66,บันทึกสต็อครายวัน!$M$122:$M$9999,0))),"") | I66: =IFERROR(IF(ISBLANK(INDEX(บันทึกสต็อครายวัน!$I$122:$I$9999,MATCH(TEXT($B$2,"YYYYMMDD")&"|"&$E$2&"|"&B66,บันทึกสต็อครายวัน!$M$122:$M$9999,0))),"",INDEX(บันทึกสต็อครายวัน!$I$122:$I$9999,MATCH(TEXT($B$2,"YYYYMMDD")&"|"&$E$2&"|"&B66,บันทึกสต็อครายวัน!$M$122:$M$9999,0))),"") | J66: =IFERROR(IF(ISBLANK(INDEX(บันทึกสต็อครายวัน!$J$122:$J$9999,MATCH(TEXT($B$2,"YYYYMMDD")&"|"&$E$2&"|"&B66,บันทึกสต็อครายวัน!$M$122:$M$9999,0))),"",INDEX(บันทึกสต็อครายวัน!$J$122:$J$9999,MATCH(TEXT($B$2,"YYYYMMDD")&"|"&$E$2&"|"&B66,บันทึกสต็อครายวัน!$M$122:$M$9999,0))),"") | K66: =IFERROR(IF(ISBLANK(INDEX(บันทึกสต็อครายวัน!$K$122:$K$9999,MATCH(TEXT($B$2,"YYYYMMDD")&"|"&$E$2&"|"&B66,บันทึกสต็อครายวัน!$M$122:$M$9999,0))),"",INDEX(บันทึกสต็อครายวัน!$K$122:$K$9999,MATCH(TEXT($B$2,"YYYYMMDD")&"|"&$E$2&"|"&B66,บันทึกสต็อครายวัน!$M$122:$M$9999,0))),"") | L66: =IFERROR(IF(ISBLANK(INDEX(บันทึกสต็อครายวัน!$L$122:$L$9999,MATCH(TEXT($B$2,"YYYYMMDD")&"|"&$E$2&"|"&B66,บันทึกสต็อครายวัน!$M$122:$M$9999,0))),"",INDEX(บันทึกสต็อครายวัน!$L$122:$L$9999,MATCH(TEXT($B$2,"YYYYMMDD")&"|"&$E$2&"|"&B66,บันทึกสต็อครายวัน!$M$122:$M$9999,0))),"")
A67: LID/ฝา | B67: Lid Top / Lid P (75) | C67: 50/pack | D67: =IFERROR(IF(INDEX(บันทึกสต็อครายวัน!$D$122:$D$9999,MATCH(TEXT($B$2,"YYYYMMDD")&"|"&$E$2&"|"&B67,บันทึกสต็อครายวัน!$M$122:$M$9999,0))="",IFERROR(IF(SUMPRODUCT(MAX((บันทึกสต็อครายวัน!$A$122:$A$9999<$B$2)*(บันทึกสต็อครายวัน!$B$122:$B$9999=$E$2)*(บันทึกสต็อครายวัน!$C$122:$C$9999=B67)*บันทึกสต็อครายวัน!$A$122:$A$9999))=0,"",INDEX(บันทึกสต็อครายวัน!$I$122:$I$9999,MATCH(TEXT(SUMPRODUCT(MAX((บันทึกสต็อครายวัน!$A$122:$A$9999<$B$2)*(บันทึกสต็อครายวัน!$B$122:$B$9999=$E$2)*(บันทึกสต็อครายวัน!$C$122:$C$9999=B67)*บันทึกสต็อครายวัน!$A$122:$A$9999)),"YYYYMMDD")&"|"&$E$2&"|"&B67,บันทึกสต็อครายวัน!$M$122:$M$9999,0))),""),INDEX(บันทึกสต็อครายวัน!$D$122:$D$9999,MATCH(TEXT($B$2,"YYYYMMDD")&"|"&$E$2&"|"&B67,บันทึกสต็อครายวัน!$M$122:$M$9999,0))),IFERROR(IF(SUMPRODUCT(MAX((บันทึกสต็อครายวัน!$A$122:$A$9999<$B$2)*(บันทึกสต็อครายวัน!$B$122:$B$9999=$E$2)*(บันทึกสต็อครายวัน!$C$122:$C$9999=B67)*บันทึกสต็อครายวัน!$A$122:$A$9999))=0,"",INDEX(บันทึกสต็อครายวัน!$I$122:$I$9999,MATCH(TEXT(SUMPRODUCT(MAX((บันทึกสต็อครายวัน!$A$122:$A$9999<$B$2)*(บันทึกสต็อครายวัน!$B$122:$B$9999=$E$2)*(บันทึกสต็อครายวัน!$C$122:$C$9999=B67)*บันทึกสต็อครายวัน!$A$122:$A$9999)),"YYYYMMDD")&"|"&$E$2&"|"&B67,บันทึกสต็อครายวัน!$M$122:$M$9999,0))),"")) -> 2 | E67: =IFERROR(IF(INDEX(บันทึกสต็อครายวัน!$E$122:$E$9999,MATCH(TEXT($B$2,"YYYYMMDD")&"|"&$E$2&"|"&B67,บันทึกสต็อครายวัน!$M$122:$M$9999,0))="",IFERROR(IF(SUMPRODUCT(MAX((บันทึกสต็อครายวัน!$A$122:$A$9999<$B$2)*(บันทึกสต็อครายวัน!$B$122:$B$9999=$E$2)*(บันทึกสต็อครายวัน!$C$122:$C$9999=B67)*บันทึกสต็อครายวัน!$A$122:$A$9999))=0,"",INDEX(บันทึกสต็อครายวัน!$J$122:$J$9999,MATCH(TEXT(SUMPRODUCT(MAX((บันทึกสต็อครายวัน!$A$122:$A$9999<$B$2)*(บันทึกสต็อครายวัน!$B$122:$B$9999=$E$2)*(บันทึกสต็อครายวัน!$C$122:$C$9999=B67)*บันทึกสต็อครายวัน!$A$122:$A$9999)),"YYYYMMDD")&"|"&$E$2&"|"&B67,บันทึกสต็อครายวัน!$M$122:$M$9999,0))),""),INDEX(บันทึกสต็อครายวัน!$E$122:$E$9999,MATCH(TEXT($B$2,"YYYYMMDD")&"|"&$E$2&"|"&B67,บันทึกสต็อครายวัน!$M$122:$M$9999,0))),IFERROR(IF(SUMPRODUCT(MAX((บันทึกสต็อครายวัน!$A$122:$A$9999<$B$2)*(บันทึกสต็อครายวัน!$B$122:$B$9999=$E$2)*(บันทึกสต็อครายวัน!$C$122:$C$9999=B67)*บันทึกสต็อครายวัน!$A$122:$A$9999))=0,"",INDEX(บันทึกสต็อครายวัน!$J$122:$J$9999,MATCH(TEXT(SUMPRODUCT(MAX((บันทึกสต็อครายวัน!$A$122:$A$9999<$B$2)*(บันทึกสต็อครายวัน!$B$122:$B$9999=$E$2)*(บันทึกสต็อครายวัน!$C$122:$C$9999=B67)*บันทึกสต็อครายวัน!$A$122:$A$9999)),"YYYYMMDD")&"|"&$E$2&"|"&B67,บันทึกสต็อครายวัน!$M$122:$M$9999,0))),"")) -> 0 | F67: =IFERROR(IF(ISBLANK(INDEX(บันทึกสต็อครายวัน!$F$122:$F$9999,MATCH(TEXT($B$2,"YYYYMMDD")&"|"&$E$2&"|"&B67,บันทึกสต็อครายวัน!$M$122:$M$9999,0))),"",INDEX(บันทึกสต็อครายวัน!$F$122:$F$9999,MATCH(TEXT($B$2,"YYYYMMDD")&"|"&$E$2&"|"&B67,บันทึกสต็อครายวัน!$M$122:$M$9999,0))),"") | G67: =IFERROR(IF(ISBLANK(INDEX(บันทึกสต็อครายวัน!$G$122:$G$9999,MATCH(TEXT($B$2,"YYYYMMDD")&"|"&$E$2&"|"&B67,บันทึกสต็อครายวัน!$M$122:$M$9999,0))),"",INDEX(บันทึกสต็อครายวัน!$G$122:$G$9999,MATCH(TEXT($B$2,"YYYYMMDD")&"|"&$E$2&"|"&B67,บันทึกสต็อครายวัน!$M$122:$M$9999,0))),"") | H67: =IFERROR(IF(ISBLANK(INDEX(บันทึกสต็อครายวัน!$H$122:$H$9999,MATCH(TEXT($B$2,"YYYYMMDD")&"|"&$E$2&"|"&B67,บันทึกสต็อครายวัน!$M$122:$M$9999,0))),"",INDEX(บันทึกสต็อครายวัน!$H$122:$H$9999,MATCH(TEXT($B$2,"YYYYMMDD")&"|"&$E$2&"|"&B67,บันทึกสต็อครายวัน!$M$122:$M$9999,0))),"") | I67: =IFERROR(IF(ISBLANK(INDEX(บันทึกสต็อครายวัน!$I$122:$I$9999,MATCH(TEXT($B$2,"YYYYMMDD")&"|"&$E$2&"|"&B67,บันทึกสต็อครายวัน!$M$122:$M$9999,0))),"",INDEX(บันทึกสต็อครายวัน!$I$122:$I$9999,MATCH(TEXT($B$2,"YYYYMMDD")&"|"&$E$2&"|"&B67,บันทึกสต็อครายวัน!$M$122:$M$9999,0))),"") | J67: =IFERROR(IF(ISBLANK(INDEX(บันทึกสต็อครายวัน!$J$122:$J$9999,MATCH(TEXT($B$2,"YYYYMMDD")&"|"&$E$2&"|"&B67,บันทึกสต็อครายวัน!$M$122:$M$9999,0))),"",INDEX(บันทึกสต็อครายวัน!$J$122:$J$9999,MATCH(TEXT($B$2,"YYYYMMDD")&"|"&$E$2&"|"&B67,บันทึกสต็อครายวัน!$M$122:$M$9999,0))),"") | K67: =IFERROR(IF(ISBLANK(INDEX(บันทึกสต็อครายวัน!$K$122:$K$9999,MATCH(TEXT($B$2,"YYYYMMDD")&"|"&$E$2&"|"&B67,บันทึกสต็อครายวัน!$M$122:$M$9999,0))),"",INDEX(บันทึกสต็อครายวัน!$K$122:$K$9999,MATCH(TEXT($B$2,"YYYYMMDD")&"|"&$E$2&"|"&B67,บันทึกสต็อครายวัน!$M$122:$M$9999,0))),"") | L67: =IFERROR(IF(ISBLANK(INDEX(บันทึกสต็อครายวัน!$L$122:$L$9999,MATCH(TEXT($B$2,"YYYYMMDD")&"|"&$E$2&"|"&B67,บันทึกสต็อครายวัน!$M$122:$M$9999,0))),"",INDEX(บันทึกสต็อครายวัน!$L$122:$L$9999,MATCH(TEXT($B$2,"YYYYMMDD")&"|"&$E$2&"|"&B67,บันทึกสต็อครายวัน!$M$122:$M$9999,0))),"")
A68: SPOON/ช้อน | B68: Wood Spoon in bag | C68: 100/pack | D68: =IFERROR(IF(INDEX(บันทึกสต็อครายวัน!$D$122:$D$9999,MATCH(TEXT($B$2,"YYYYMMDD")&"|"&$E$2&"|"&B68,บันทึกสต็อครายวัน!$M$122:$M$9999,0))="",IFERROR(IF(SUMPRODUCT(MAX((บันทึกสต็อครายวัน!$A$122:$A$9999<$B$2)*(บันทึกสต็อครายวัน!$B$122:$B$9999=$E$2)*(บันทึกสต็อครายวัน!$C$122:$C$9999=B68)*บันทึกสต็อครายวัน!$A$122:$A$9999))=0,"",INDEX(บันทึกสต็อครายวัน!$I$122:$I$9999,MATCH(TEXT(SUMPRODUCT(MAX((บันทึกสต็อครายวัน!$A$122:$A$9999<$B$2)*(บันทึกสต็อครายวัน!$B$122:$B$9999=$E$2)*(บันทึกสต็อครายวัน!$C$122:$C$9999=B68)*บันทึกสต็อครายวัน!$A$122:$A$9999)),"YYYYMMDD")&"|"&$E$2&"|"&B68,บันทึกสต็อครายวัน!$M$122:$M$9999,0))),""),INDEX(บันทึกสต็อครายวัน!$D$122:$D$9999,MATCH(TEXT($B$2,"YYYYMMDD")&"|"&$E$2&"|"&B68,บันทึกสต็อครายวัน!$M$122:$M$9999,0))),IFERROR(IF(SUMPRODUCT(MAX((บันทึกสต็อครายวัน!$A$122:$A$9999<$B$2)*(บันทึกสต็อครายวัน!$B$122:$B$9999=$E$2)*(บันทึกสต็อครายวัน!$C$122:$C$9999=B68)*บันทึกสต็อครายวัน!$A$122:$A$9999))=0,"",INDEX(บันทึกสต็อครายวัน!$I$122:$I$9999,MATCH(TEXT(SUMPRODUCT(MAX((บันทึกสต็อครายวัน!$A$122:$A$9999<$B$2)*(บันทึกสต็อครายวัน!$B$122:$B$9999=$E$2)*(บันทึกสต็อครายวัน!$C$122:$C$9999=B68)*บันทึกสต็อครายวัน!$A$122:$A$9999)),"YYYYMMDD")&"|"&$E$2&"|"&B68,บันทึกสต็อครายวัน!$M$122:$M$9999,0))),"")) -> 2 | E68: =IFERROR(IF(INDEX(บันทึกสต็อครายวัน!$E$122:$E$9999,MATCH(TEXT($B$2,"YYYYMMDD")&"|"&$E$2&"|"&B68,บันทึกสต็อครายวัน!$M$122:$M$9999,0))="",IFERROR(IF(SUMPRODUCT(MAX((บันทึกสต็อครายวัน!$A$122:$A$9999<$B$2)*(บันทึกสต็อครายวัน!$B$122:$B$9999=$E$2)*(บันทึกสต็อครายวัน!$C$122:$C$9999=B68)*บันทึกสต็อครายวัน!$A$122:$A$9999))=0,"",INDEX(บันทึกสต็อครายวัน!$J$122:$J$9999,MATCH(TEXT(SUMPRODUCT(MAX((บันทึกสต็อครายวัน!$A$122:$A$9999<$B$2)*(บันทึกสต็อครายวัน!$B$122:$B$9999=$E$2)*(บันทึกสต็อครายวัน!$C$122:$C$9999=B68)*บันทึกสต็อครายวัน!$A$122:$A$9999)),"YYYYMMDD")&"|"&$E$2&"|"&B68,บันทึกสต็อครายวัน!$M$122:$M$9999,0))),""),INDEX(บันทึกสต็อครายวัน!$E$122:$E$9999,MATCH(TEXT($B$2,"YYYYMMDD")&"|"&$E$2&"|"&B68,บันทึกสต็อครายวัน!$M$122:$M$9999,0))),IFERROR(IF(SUMPRODUCT(MAX((บันทึกสต็อครายวัน!$A$122:$A$9999<$B$2)*(บันทึกสต็อครายวัน!$B$122:$B$9999=$E$2)*(บันทึกสต็อครายวัน!$C$122:$C$9999=B68)*บันทึกสต็อครายวัน!$A$122:$A$9999))=0,"",INDEX(บันทึกสต็อครายวัน!$J$122:$J$9999,MATCH(TEXT(SUMPRODUCT(MAX((บันทึกสต็อครายวัน!$A$122:$A$9999<$B$2)*(บันทึกสต็อครายวัน!$B$122:$B$9999=$E$2)*(บันทึกสต็อครายวัน!$C$122:$C$9999=B68)*บันทึกสต็อครายวัน!$A$122:$A$9999)),"YYYYMMDD")&"|"&$E$2&"|"&B68,บันทึกสต็อครายวัน!$M$122:$M$9999,0))),"")) -> 0 | F68: =IFERROR(IF(ISBLANK(INDEX(บันทึกสต็อครายวัน!$F$122:$F$9999,MATCH(TEXT($B$2,"YYYYMMDD")&"|"&$E$2&"|"&B68,บันทึกสต็อครายวัน!$M$122:$M$9999,0))),"",INDEX(บันทึกสต็อครายวัน!$F$122:$F$9999,MATCH(TEXT($B$2,"YYYYMMDD")&"|"&$E$2&"|"&B68,บันทึกสต็อครายวัน!$M$122:$M$9999,0))),"") | G68: =IFERROR(IF(ISBLANK(INDEX(บันทึกสต็อครายวัน!$G$122:$G$9999,MATCH(TEXT($B$2,"YYYYMMDD")&"|"&$E$2&"|"&B68,บันทึกสต็อครายวัน!$M$122:$M$9999,0))),"",INDEX(บันทึกสต็อครายวัน!$G$122:$G$9999,MATCH(TEXT($B$2,"YYYYMMDD")&"|"&$E$2&"|"&B68,บันทึกสต็อครายวัน!$M$122:$M$9999,0))),"") | H68: =IFERROR(IF(ISBLANK(INDEX(บันทึกสต็อครายวัน!$H$122:$H$9999,MATCH(TEXT($B$2,"YYYYMMDD")&"|"&$E$2&"|"&B68,บันทึกสต็อครายวัน!$M$122:$M$9999,0))),"",INDEX(บันทึกสต็อครายวัน!$H$122:$H$9999,MATCH(TEXT($B$2,"YYYYMMDD")&"|"&$E$2&"|"&B68,บันทึกสต็อครายวัน!$M$122:$M$9999,0))),"") | I68: =IFERROR(IF(ISBLANK(INDEX(บันทึกสต็อครายวัน!$I$122:$I$9999,MATCH(TEXT($B$2,"YYYYMMDD")&"|"&$E$2&"|"&B68,บันทึกสต็อครายวัน!$M$122:$M$9999,0))),"",INDEX(บันทึกสต็อครายวัน!$I$122:$I$9999,MATCH(TEXT($B$2,"YYYYMMDD")&"|"&$E$2&"|"&B68,บันทึกสต็อครายวัน!$M$122:$M$9999,0))),"") | J68: =IFERROR(IF(ISBLANK(INDEX(บันทึกสต็อครายวัน!$J$122:$J$9999,MATCH(TEXT($B$2,"YYYYMMDD")&"|"&$E$2&"|"&B68,บันทึกสต็อครายวัน!$M$122:$M$9999,0))),"",INDEX(บันทึกสต็อครายวัน!$J$122:$J$9999,MATCH(TEXT($B$2,"YYYYMMDD")&"|"&$E$2&"|"&B68,บันทึกสต็อครายวัน!$M$122:$M$9999,0))),"") | K68: =IFERROR(IF(ISBLANK(INDEX(บันทึกสต็อครายวัน!$K$122:$K$9999,MATCH(TEXT($B$2,"YYYYMMDD")&"|"&$E$2&"|"&B68,บันทึกสต็อครายวัน!$M$122:$M$9999,0))),"",INDEX(บันทึกสต็อครายวัน!$K$122:$K$9999,MATCH(TEXT($B$2,"YYYYMMDD")&"|"&$E$2&"|"&B68,บันทึกสต็อครายวัน!$M$122:$M$9999,0))),"") | L68: =IFERROR(IF(ISBLANK(INDEX(บันทึกสต็อครายวัน!$L$122:$L$9999,MATCH(TEXT($B$2,"YYYYMMDD")&"|"&$E$2&"|"&B68,บันทึกสต็อครายวัน!$M$122:$M$9999,0))),"",INDEX(บันทึกสต็อครายวัน!$L$122:$L$9999,MATCH(TEXT($B$2,"YYYYMMDD")&"|"&$E$2&"|"&B68,บันทึกสต็อครายวัน!$M$122:$M$9999,0))),"")
A69: SPOON/ช้อน | B69: Wood Spoon | C69: 100/pack | D69: =IFERROR(IF(INDEX(บันทึกสต็อครายวัน!$D$122:$D$9999,MATCH(TEXT($B$2,"YYYYMMDD")&"|"&$E$2&"|"&B69,บันทึกสต็อครายวัน!$M$122:$M$9999,0))="",IFERROR(IF(SUMPRODUCT(MAX((บันทึกสต็อครายวัน!$A$122:$A$9999<$B$2)*(บันทึกสต็อครายวัน!$B$122:$B$9999=$E$2)*(บันทึกสต็อครายวัน!$C$122:$C$9999=B69)*บันทึกสต็อครายวัน!$A$122:$A$9999))=0,"",INDEX(บันทึกสต็อครายวัน!$I$122:$I$9999,MATCH(TEXT(SUMPRODUCT(MAX((บันทึกสต็อครายวัน!$A$122:$A$9999<$B$2)*(บันทึกสต็อครายวัน!$B$122:$B$9999=$E$2)*(บันทึกสต็อครายวัน!$C$122:$C$9999=B69)*บันทึกสต็อครายวัน!$A$122:$A$9999)),"YYYYMMDD")&"|"&$E$2&"|"&B69,บันทึกสต็อครายวัน!$M$122:$M$9999,0))),""),INDEX(บันทึกสต็อครายวัน!$D$122:$D$9999,MATCH(TEXT($B$2,"YYYYMMDD")&"|"&$E$2&"|"&B69,บันทึกสต็อครายวัน!$M$122:$M$9999,0))),IFERROR(IF(SUMPRODUCT(MAX((บันทึกสต็อครายวัน!$A$122:$A$9999<$B$2)*(บันทึกสต็อครายวัน!$B$122:$B$9999=$E$2)*(บันทึกสต็อครายวัน!$C$122:$C$9999=B69)*บันทึกสต็อครายวัน!$A$122:$A$9999))=0,"",INDEX(บันทึกสต็อครายวัน!$I$122:$I$9999,MATCH(TEXT(SUMPRODUCT(MAX((บันทึกสต็อครายวัน!$A$122:$A$9999<$B$2)*(บันทึกสต็อครายวัน!$B$122:$B$9999=$E$2)*(บันทึกสต็อครายวัน!$C$122:$C$9999=B69)*บันทึกสต็อครายวัน!$A$122:$A$9999)),"YYYYMMDD")&"|"&$E$2&"|"&B69,บันทึกสต็อครายวัน!$M$122:$M$9999,0))),"")) -> 4 | E69: =IFERROR(IF(INDEX(บันทึกสต็อครายวัน!$E$122:$E$9999,MATCH(TEXT($B$2,"YYYYMMDD")&"|"&$E$2&"|"&B69,บันทึกสต็อครายวัน!$M$122:$M$9999,0))="",IFERROR(IF(SUMPRODUCT(MAX((บันทึกสต็อครายวัน!$A$122:$A$9999<$B$2)*(บันทึกสต็อครายวัน!$B$122:$B$9999=$E$2)*(บันทึกสต็อครายวัน!$C$122:$C$9999=B69)*บันทึกสต็อครายวัน!$A$122:$A$9999))=0,"",INDEX(บันทึกสต็อครายวัน!$J$122:$J$9999,MATCH(TEXT(SUMPRODUCT(MAX((บันทึกสต็อครายวัน!$A$122:$A$9999<$B$2)*(บันทึกสต็อครายวัน!$B$122:$B$9999=$E$2)*(บันทึกสต็อครายวัน!$C$122:$C$9999=B69)*บันทึกสต็อครายวัน!$A$122:$A$9999)),"YYYYMMDD")&"|"&$E$2&"|"&B69,บันทึกสต็อครายวัน!$M$122:$M$9999,0))),""),INDEX(บันทึกสต็อครายวัน!$E$122:$E$9999,MATCH(TEXT($B$2,"YYYYMMDD")&"|"&$E$2&"|"&B69,บันทึกสต็อครายวัน!$M$122:$M$9999,0))),IFERROR(IF(SUMPRODUCT(MAX((บันทึกสต็อครายวัน!$A$122:$A$9999<$B$2)*(บันทึกสต็อครายวัน!$B$122:$B$9999=$E$2)*(บันทึกสต็อครายวัน!$C$122:$C$9999=B69)*บันทึกสต็อครายวัน!$A$122:$A$9999))=0,"",INDEX(บันทึกสต็อครายวัน!$J$122:$J$9999,MATCH(TEXT(SUMPRODUCT(MAX((บันทึกสต็อครายวัน!$A$122:$A$9999<$B$2)*(บันทึกสต็อครายวัน!$B$122:$B$9999=$E$2)*(บันทึกสต็อครายวัน!$C$122:$C$9999=B69)*บันทึกสต็อครายวัน!$A$122:$A$9999)),"YYYYMMDD")&"|"&$E$2&"|"&B69,บันทึกสต็อครายวัน!$M$122:$M$9999,0))),"")) -> 0 | F69: =IFERROR(IF(ISBLANK(INDEX(บันทึกสต็อครายวัน!$F$122:$F$9999,MATCH(TEXT($B$2,"YYYYMMDD")&"|"&$E$2&"|"&B69,บันทึกสต็อครายวัน!$M$122:$M$9999,0))),"",INDEX(บันทึกสต็อครายวัน!$F$122:$F$9999,MATCH(TEXT($B$2,"YYYYMMDD")&"|"&$E$2&"|"&B69,บันทึกสต็อครายวัน!$M$122:$M$9999,0))),"") | G69: =IFERROR(IF(ISBLANK(INDEX(บันทึกสต็อครายวัน!$G$122:$G$9999,MATCH(TEXT($B$2,"YYYYMMDD")&"|"&$E$2&"|"&B69,บันทึกสต็อครายวัน!$M$122:$M$9999,0))),"",INDEX(บันทึกสต็อครายวัน!$G$122:$G$9999,MATCH(TEXT($B$2,"YYYYMMDD")&"|"&$E$2&"|"&B69,บันทึกสต็อครายวัน!$M$122:$M$9999,0))),"") | H69: =IFERROR(IF(ISBLANK(INDEX(บันทึกสต็อครายวัน!$H$122:$H$9999,MATCH(TEXT($B$2,"YYYYMMDD")&"|"&$E$2&"|"&B69,บันทึกสต็อครายวัน!$M$122:$M$9999,0))),"",INDEX(บันทึกสต็อครายวัน!$H$122:$H$9999,MATCH(TEXT($B$2,"YYYYMMDD")&"|"&$E$2&"|"&B69,บันทึกสต็อครายวัน!$M$122:$M$9999,0))),"") | I69: =IFERROR(IF(ISBLANK(INDEX(บันทึกสต็อครายวัน!$I$122:$I$9999,MATCH(TEXT($B$2,"YYYYMMDD")&"|"&$E$2&"|"&B69,บันทึกสต็อครายวัน!$M$122:$M$9999,0))),"",INDEX(บันทึกสต็อครายวัน!$I$122:$I$9999,MATCH(TEXT($B$2,"YYYYMMDD")&"|"&$E$2&"|"&B69,บันทึกสต็อครายวัน!$M$122:$M$9999,0))),"") | J69: =IFERROR(IF(ISBLANK(INDEX(บันทึกสต็อครายวัน!$J$122:$J$9999,MATCH(TEXT($B$2,"YYYYMMDD")&"|"&$E$2&"|"&B69,บันทึกสต็อครายวัน!$M$122:$M$9999,0))),"",INDEX(บันทึกสต็อครายวัน!$J$122:$J$9999,MATCH(TEXT($B$2,"YYYYMMDD")&"|"&$E$2&"|"&B69,บันทึกสต็อครายวัน!$M$122:$M$9999,0))),"") | K69: =IFERROR(IF(ISBLANK(INDEX(บันทึกสต็อครายวัน!$K$122:$K$9999,MATCH(TEXT($B$2,"YYYYMMDD")&"|"&$E$2&"|"&B69,บันทึกสต็อครายวัน!$M$122:$M$9999,0))),"",INDEX(บันทึกสต็อครายวัน!$K$122:$K$9999,MATCH(TEXT($B$2,"YYYYMMDD")&"|"&$E$2&"|"&B69,บันทึกสต็อครายวัน!$M$122:$M$9999,0))),"") | L69: =IFERROR(IF(ISBLANK(INDEX(บันทึกสต็อครายวัน!$L$122:$L$9999,MATCH(TEXT($B$2,"YYYYMMDD")&"|"&$E$2&"|"&B69,บันทึกสต็อครายวัน!$M$122:$M$9999,0))),"",INDEX(บันทึกสต็อครายวัน!$L$122:$L$9999,MATCH(TEXT($B$2,"YYYYMMDD")&"|"&$E$2&"|"&B69,บันทึกสต็อครายวัน!$M$122:$M$9999,0))),"")
A70: SPOON/ช้อน | B70: Tester Spoon ช้อนชิม | C70: 100/pack | D70: =IFERROR(IF(INDEX(บันทึกสต็อครายวัน!$D$122:$D$9999,MATCH(TEXT($B$2,"YYYYMMDD")&"|"&$E$2&"|"&B70,บันทึกสต็อครายวัน!$M$122:$M$9999,0))="",IFERROR(IF(SUMPRODUCT(MAX((บันทึกสต็อครายวัน!$A$122:$A$9999<$B$2)*(บันทึกสต็อครายวัน!$B$122:$B$9999=$E$2)*(บันทึกสต็อครายวัน!$C$122:$C$9999=B70)*บันทึกสต็อครายวัน!$A$122:$A$9999))=0,"",INDEX(บันทึกสต็อครายวัน!$I$122:$I$9999,MATCH(TEXT(SUMPRODUCT(MAX((บันทึกสต็อครายวัน!$A$122:$A$9999<$B$2)*(บันทึกสต็อครายวัน!$B$122:$B$9999=$E$2)*(บันทึกสต็อครายวัน!$C$122:$C$9999=B70)*บันทึกสต็อครายวัน!$A$122:$A$9999)),"YYYYMMDD")&"|"&$E$2&"|"&B70,บันทึกสต็อครายวัน!$M$122:$M$9999,0))),""),INDEX(บันทึกสต็อครายวัน!$D$122:$D$9999,MATCH(TEXT($B$2,"YYYYMMDD")&"|"&$E$2&"|"&B70,บันทึกสต็อครายวัน!$M$122:$M$9999,0))),IFERROR(IF(SUMPRODUCT(MAX((บันทึกสต็อครายวัน!$A$122:$A$9999<$B$2)*(บันทึกสต็อครายวัน!$B$122:$B$9999=$E$2)*(บันทึกสต็อครายวัน!$C$122:$C$9999=B70)*บันทึกสต็อครายวัน!$A$122:$A$9999))=0,"",INDEX(บันทึกสต็อครายวัน!$I$122:$I$9999,MATCH(TEXT(SUMPRODUCT(MAX((บันทึกสต็อครายวัน!$A$122:$A$9999<$B$2)*(บันทึกสต็อครายวัน!$B$122:$B$9999=$E$2)*(บันทึกสต็อครายวัน!$C$122:$C$9999=B70)*บันทึกสต็อครายวัน!$A$122:$A$9999)),"YYYYMMDD")&"|"&$E$2&"|"&B70,บันทึกสต็อครายวัน!$M$122:$M$9999,0))),"")) -> 2 | E70: =IFERROR(IF(INDEX(บันทึกสต็อครายวัน!$E$122:$E$9999,MATCH(TEXT($B$2,"YYYYMMDD")&"|"&$E$2&"|"&B70,บันทึกสต็อครายวัน!$M$122:$M$9999,0))="",IFERROR(IF(SUMPRODUCT(MAX((บันทึกสต็อครายวัน!$A$122:$A$9999<$B$2)*(บันทึกสต็อครายวัน!$B$122:$B$9999=$E$2)*(บันทึกสต็อครายวัน!$C$122:$C$9999=B70)*บันทึกสต็อครายวัน!$A$122:$A$9999))=0,"",INDEX(บันทึกสต็อครายวัน!$J$122:$J$9999,MATCH(TEXT(SUMPRODUCT(MAX((บันทึกสต็อครายวัน!$A$122:$A$9999<$B$2)*(บันทึกสต็อครายวัน!$B$122:$B$9999=$E$2)*(บันทึกสต็อครายวัน!$C$122:$C$9999=B70)*บันทึกสต็อครายวัน!$A$122:$A$9999)),"YYYYMMDD")&"|"&$E$2&"|"&B70,บันทึกสต็อครายวัน!$M$122:$M$9999,0))),""),INDEX(บันทึกสต็อครายวัน!$E$122:$E$9999,MATCH(TEXT($B$2,"YYYYMMDD")&"|"&$E$2&"|"&B70,บันทึกสต็อครายวัน!$M$122:$M$9999,0))),IFERROR(IF(SUMPRODUCT(MAX((บันทึกสต็อครายวัน!$A$122:$A$9999<$B$2)*(บันทึกสต็อครายวัน!$B$122:$B$9999=$E$2)*(บันทึกสต็อครายวัน!$C$122:$C$9999=B70)*บันทึกสต็อครายวัน!$A$122:$A$9999))=0,"",INDEX(บันทึกสต็อครายวัน!$J$122:$J$9999,MATCH(TEXT(SUMPRODUCT(MAX((บันทึกสต็อครายวัน!$A$122:$A$9999<$B$2)*(บันทึกสต็อครายวัน!$B$122:$B$9999=$E$2)*(บันทึกสต็อครายวัน!$C$122:$C$9999=B70)*บันทึกสต็อครายวัน!$A$122:$A$9999)),"YYYYMMDD")&"|"&$E$2&"|"&B70,บันทึกสต็อครายวัน!$M$122:$M$9999,0))),"")) -> 0 | F70: =IFERROR(IF(ISBLANK(INDEX(บันทึกสต็อครายวัน!$F$122:$F$9999,MATCH(TEXT($B$2,"YYYYMMDD")&"|"&$E$2&"|"&B70,บันทึกสต็อครายวัน!$M$122:$M$9999,0))),"",INDEX(บันทึกสต็อครายวัน!$F$122:$F$9999,MATCH(TEXT($B$2,"YYYYMMDD")&"|"&$E$2&"|"&B70,บันทึกสต็อครายวัน!$M$122:$M$9999,0))),"") | G70: =IFERROR(IF(ISBLANK(INDEX(บันทึกสต็อครายวัน!$G$122:$G$9999,MATCH(TEXT($B$2,"YYYYMMDD")&"|"&$E$2&"|"&B70,บันทึกสต็อครายวัน!$M$122:$M$9999,0))),"",INDEX(บันทึกสต็อครายวัน!$G$122:$G$9999,MATCH(TEXT($B$2,"YYYYMMDD")&"|"&$E$2&"|"&B70,บันทึกสต็อครายวัน!$M$122:$M$9999,0))),"") | H70: =IFERROR(IF(ISBLANK(INDEX(บันทึกสต็อครายวัน!$H$122:$H$9999,MATCH(TEXT($B$2,"YYYYMMDD")&"|"&$E$2&"|"&B70,บันทึกสต็อครายวัน!$M$122:$M$9999,0))),"",INDEX(บันทึกสต็อครายวัน!$H$122:$H$9999,MATCH(TEXT($B$2,"YYYYMMDD")&"|"&$E$2&"|"&B70,บันทึกสต็อครายวัน!$M$122:$M$9999,0))),"") | I70: =IFERROR(IF(ISBLANK(INDEX(บันทึกสต็อครายวัน!$I$122:$I$9999,MATCH(TEXT($B$2,"YYYYMMDD")&"|"&$E$2&"|"&B70,บันทึกสต็อครายวัน!$M$122:$M$9999,0))),"",INDEX(บันทึกสต็อครายวัน!$I$122:$I$9999,MATCH(TEXT($B$2,"YYYYMMDD")&"|"&$E$2&"|"&B70,บันทึกสต็อครายวัน!$M$122:$M$9999,0))),"") | J70: =IFERROR(IF(ISBLANK(INDEX(บันทึกสต็อครายวัน!$J$122:$J$9999,MATCH(TEXT($B$2,"YYYYMMDD")&"|"&$E$2&"|"&B70,บันทึกสต็อครายวัน!$M$122:$M$9999,0))),"",INDEX(บันทึกสต็อครายวัน!$J$122:$J$9999,MATCH(TEXT($B$2,"YYYYMMDD")&"|"&$E$2&"|"&B70,บันทึกสต็อครายวัน!$M$122:$M$9999,0))),"") | K70: =IFERROR(IF(ISBLANK(INDEX(บันทึกสต็อครายวัน!$K$122:$K$9999,MATCH(TEXT($B$2,"YYYYMMDD")&"|"&$E$2&"|"&B70,บันทึกสต็อครายวัน!$M$122:$M$9999,0))),"",INDEX(บันทึกสต็อครายวัน!$K$122:$K$9999,MATCH(TEXT($B$2,"YYYYMMDD")&"|"&$E$2&"|"&B70,บันทึกสต็อครายวัน!$M$122:$M$9999,0))),"") | L70: =IFERROR(IF(ISBLANK(INDEX(บันทึกสต็อครายวัน!$L$122:$L$9999,MATCH(TEXT($B$2,"YYYYMMDD")&"|"&$E$2&"|"&B70,บันทึกสต็อครายวัน!$M$122:$M$9999,0))),"",INDEX(บันทึกสต็อครายวัน!$L$122:$L$9999,MATCH(TEXT($B$2,"YYYYMMDD")&"|"&$E$2&"|"&B70,บันทึกสต็อครายวัน!$M$122:$M$9999,0))),"")
A71: SPOON/ช้อน | B71: Short Spoon (ช้อนถ้วยP) | C71: 100/pack | D71: =IFERROR(IF(INDEX(บันทึกสต็อครายวัน!$D$122:$D$9999,MATCH(TEXT($B$2,"YYYYMMDD")&"|"&$E$2&"|"&B71,บันทึกสต็อครายวัน!$M$122:$M$9999,0))="",IFERROR(IF(SUMPRODUCT(MAX((บันทึกสต็อครายวัน!$A$122:$A$9999<$B$2)*(บันทึกสต็อครายวัน!$B$122:$B$9999=$E$2)*(บันทึกสต็อครายวัน!$C$122:$C$9999=B71)*บันทึกสต็อครายวัน!$A$122:$A$9999))=0,"",INDEX(บันทึกสต็อครายวัน!$I$122:$I$9999,MATCH(TEXT(SUMPRODUCT(MAX((บันทึกสต็อครายวัน!$A$122:$A$9999<$B$2)*(บันทึกสต็อครายวัน!$B$122:$B$9999=$E$2)*(บันทึกสต็อครายวัน!$C$122:$C$9999=B71)*บันทึกสต็อครายวัน!$A$122:$A$9999)),"YYYYMMDD")&"|"&$E$2&"|"&B71,บันทึกสต็อครายวัน!$M$122:$M$9999,0))),""),INDEX(บันทึกสต็อครายวัน!$D$122:$D$9999,MATCH(TEXT($B$2,"YYYYMMDD")&"|"&$E$2&"|"&B71,บันทึกสต็อครายวัน!$M$122:$M$9999,0))),IFERROR(IF(SUMPRODUCT(MAX((บันทึกสต็อครายวัน!$A$122:$A$9999<$B$2)*(บันทึกสต็อครายวัน!$B$122:$B$9999=$E$2)*(บันทึกสต็อครายวัน!$C$122:$C$9999=B71)*บันทึกสต็อครายวัน!$A$122:$A$9999))=0,"",INDEX(บันทึกสต็อครายวัน!$I$122:$I$9999,MATCH(TEXT(SUMPRODUCT(MAX((บันทึกสต็อครายวัน!$A$122:$A$9999<$B$2)*(บันทึกสต็อครายวัน!$B$122:$B$9999=$E$2)*(บันทึกสต็อครายวัน!$C$122:$C$9999=B71)*บันทึกสต็อครายวัน!$A$122:$A$9999)),"YYYYMMDD")&"|"&$E$2&"|"&B71,บันทึกสต็อครายวัน!$M$122:$M$9999,0))),"")) -> 2 | E71: =IFERROR(IF(INDEX(บันทึกสต็อครายวัน!$E$122:$E$9999,MATCH(TEXT($B$2,"YYYYMMDD")&"|"&$E$2&"|"&B71,บันทึกสต็อครายวัน!$M$122:$M$9999,0))="",IFERROR(IF(SUMPRODUCT(MAX((บันทึกสต็อครายวัน!$A$122:$A$9999<$B$2)*(บันทึกสต็อครายวัน!$B$122:$B$9999=$E$2)*(บันทึกสต็อครายวัน!$C$122:$C$9999=B71)*บันทึกสต็อครายวัน!$A$122:$A$9999))=0,"",INDEX(บันทึกสต็อครายวัน!$J$122:$J$9999,MATCH(TEXT(SUMPRODUCT(MAX((บันทึกสต็อครายวัน!$A$122:$A$9999<$B$2)*(บันทึกสต็อครายวัน!$B$122:$B$9999=$E$2)*(บันทึกสต็อครายวัน!$C$122:$C$9999=B71)*บันทึกสต็อครายวัน!$A$122:$A$9999)),"YYYYMMDD")&"|"&$E$2&"|"&B71,บันทึกสต็อครายวัน!$M$122:$M$9999,0))),""),INDEX(บันทึกสต็อครายวัน!$E$122:$E$9999,MATCH(TEXT($B$2,"YYYYMMDD")&"|"&$E$2&"|"&B71,บันทึกสต็อครายวัน!$M$122:$M$9999,0))),IFERROR(IF(SUMPRODUCT(MAX((บันทึกสต็อครายวัน!$A$122:$A$9999<$B$2)*(บันทึกสต็อครายวัน!$B$122:$B$9999=$E$2)*(บันทึกสต็อครายวัน!$C$122:$C$9999=B71)*บันทึกสต็อครายวัน!$A$122:$A$9999))=0,"",INDEX(บันทึกสต็อครายวัน!$J$122:$J$9999,MATCH(TEXT(SUMPRODUCT(MAX((บันทึกสต็อครายวัน!$A$122:$A$9999<$B$2)*(บันทึกสต็อครายวัน!$B$122:$B$9999=$E$2)*(บันทึกสต็อครายวัน!$C$122:$C$9999=B71)*บันทึกสต็อครายวัน!$A$122:$A$9999)),"YYYYMMDD")&"|"&$E$2&"|"&B71,บันทึกสต็อครายวัน!$M$122:$M$9999,0))),"")) -> 0 | F71: =IFERROR(IF(ISBLANK(INDEX(บันทึกสต็อครายวัน!$F$122:$F$9999,MATCH(TEXT($B$2,"YYYYMMDD")&"|"&$E$2&"|"&B71,บันทึกสต็อครายวัน!$M$122:$M$9999,0))),"",INDEX(บันทึกสต็อครายวัน!$F$122:$F$9999,MATCH(TEXT($B$2,"YYYYMMDD")&"|"&$E$2&"|"&B71,บันทึกสต็อครายวัน!$M$122:$M$9999,0))),"") | G71: =IFERROR(IF(ISBLANK(INDEX(บันทึกสต็อครายวัน!$G$122:$G$9999,MATCH(TEXT($B$2,"YYYYMMDD")&"|"&$E$2&"|"&B71,บันทึกสต็อครายวัน!$M$122:$M$9999,0))),"",INDEX(บันทึกสต็อครายวัน!$G$122:$G$9999,MATCH(TEXT($B$2,"YYYYMMDD")&"|"&$E$2&"|"&B71,บันทึกสต็อครายวัน!$M$122:$M$9999,0))),"") | H71: =IFERROR(IF(ISBLANK(INDEX(บันทึกสต็อครายวัน!$H$122:$H$9999,MATCH(TEXT($B$2,"YYYYMMDD")&"|"&$E$2&"|"&B71,บันทึกสต็อครายวัน!$M$122:$M$9999,0))),"",INDEX(บันทึกสต็อครายวัน!$H$122:$H$9999,MATCH(TEXT($B$2,"YYYYMMDD")&"|"&$E$2&"|"&B71,บันทึกสต็อครายวัน!$M$122:$M$9999,0))),"") | I71: =IFERROR(IF(ISBLANK(INDEX(บันทึกสต็อครายวัน!$I$122:$I$9999,MATCH(TEXT($B$2,"YYYYMMDD")&"|"&$E$2&"|"&B71,บันทึกสต็อครายวัน!$M$122:$M$9999,0))),"",INDEX(บันทึกสต็อครายวัน!$I$122:$I$9999,MATCH(TEXT($B$2,"YYYYMMDD")&"|"&$E$2&"|"&B71,บันทึกสต็อครายวัน!$M$122:$M$9999,0))),"") | J71: =IFERROR(IF(ISBLANK(INDEX(บันทึกสต็อครายวัน!$J$122:$J$9999,MATCH(TEXT($B$2,"YYYYMMDD")&"|"&$E$2&"|"&B71,บันทึกสต็อครายวัน!$M$122:$M$9999,0))),"",INDEX(บันทึกสต็อครายวัน!$J$122:$J$9999,MATCH(TEXT($B$2,"YYYYMMDD")&"|"&$E$2&"|"&B71,บันทึกสต็อครายวัน!$M$122:$M$9999,0))),"") | K71: =IFERROR(IF(ISBLANK(INDEX(บันทึกสต็อครายวัน!$K$122:$K$9999,MATCH(TEXT($B$2,"YYYYMMDD")&"|"&$E$2&"|"&B71,บันทึกสต็อครายวัน!$M$122:$M$9999,0))),"",INDEX(บันทึกสต็อครายวัน!$K$122:$K$9999,MATCH(TEXT($B$2,"YYYYMMDD")&"|"&$E$2&"|"&B71,บันทึกสต็อครายวัน!$M$122:$M$9999,0))),"") | L71: =IFERROR(IF(ISBLANK(INDEX(บันทึกสต็อครายวัน!$L$122:$L$9999,MATCH(TEXT($B$2,"YYYYMMDD")&"|"&$E$2&"|"&B71,บันทึกสต็อครายวัน!$M$122:$M$9999,0))),"",INDEX(บันทึกสต็อครายวัน!$L$122:$L$9999,MATCH(TEXT($B$2,"YYYYMMDD")&"|"&$E$2&"|"&B71,บันทึกสต็อครายวัน!$M$122:$M$9999,0))),"")
A72: SPOON/ช้อน | B72: Straw/หลอด - ใหญ่ | C72: 100/pack | D72: =IFERROR(IF(INDEX(บันทึกสต็อครายวัน!$D$122:$D$9999,MATCH(TEXT($B$2,"YYYYMMDD")&"|"&$E$2&"|"&B72,บันทึกสต็อครายวัน!$M$122:$M$9999,0))="",IFERROR(IF(SUMPRODUCT(MAX((บันทึกสต็อครายวัน!$A$122:$A$9999<$B$2)*(บันทึกสต็อครายวัน!$B$122:$B$9999=$E$2)*(บันทึกสต็อครายวัน!$C$122:$C$9999=B72)*บันทึกสต็อครายวัน!$A$122:$A$9999))=0,"",INDEX(บันทึกสต็อครายวัน!$I$122:$I$9999,MATCH(TEXT(SUMPRODUCT(MAX((บันทึกสต็อครายวัน!$A$122:$A$9999<$B$2)*(บันทึกสต็อครายวัน!$B$122:$B$9999=$E$2)*(บันทึกสต็อครายวัน!$C$122:$C$9999=B72)*บันทึกสต็อครายวัน!$A$122:$A$9999)),"YYYYMMDD")&"|"&$E$2&"|"&B72,บันทึกสต็อครายวัน!$M$122:$M$9999,0))),""),INDEX(บันทึกสต็อครายวัน!$D$122:$D$9999,MATCH(TEXT($B$2,"YYYYMMDD")&"|"&$E$2&"|"&B72,บันทึกสต็อครายวัน!$M$122:$M$9999,0))),IFERROR(IF(SUMPRODUCT(MAX((บันทึกสต็อครายวัน!$A$122:$A$9999<$B$2)*(บันทึกสต็อครายวัน!$B$122:$B$9999=$E$2)*(บันทึกสต็อครายวัน!$C$122:$C$9999=B72)*บันทึกสต็อครายวัน!$A$122:$A$9999))=0,"",INDEX(บันทึกสต็อครายวัน!$I$122:$I$9999,MATCH(TEXT(SUMPRODUCT(MAX((บันทึกสต็อครายวัน!$A$122:$A$9999<$B$2)*(บันทึกสต็อครายวัน!$B$122:$B$9999=$E$2)*(บันทึกสต็อครายวัน!$C$122:$C$9999=B72)*บันทึกสต็อครายวัน!$A$122:$A$9999)),"YYYYMMDD")&"|"&$E$2&"|"&B72,บันทึกสต็อครายวัน!$M$122:$M$9999,0))),"")) -> 2 | E72: =IFERROR(IF(INDEX(บันทึกสต็อครายวัน!$E$122:$E$9999,MATCH(TEXT($B$2,"YYYYMMDD")&"|"&$E$2&"|"&B72,บันทึกสต็อครายวัน!$M$122:$M$9999,0))="",IFERROR(IF(SUMPRODUCT(MAX((บันทึกสต็อครายวัน!$A$122:$A$9999<$B$2)*(บันทึกสต็อครายวัน!$B$122:$B$9999=$E$2)*(บันทึกสต็อครายวัน!$C$122:$C$9999=B72)*บันทึกสต็อครายวัน!$A$122:$A$9999))=0,"",INDEX(บันทึกสต็อครายวัน!$J$122:$J$9999,MATCH(TEXT(SUMPRODUCT(MAX((บันทึกสต็อครายวัน!$A$122:$A$9999<$B$2)*(บันทึกสต็อครายวัน!$B$122:$B$9999=$E$2)*(บันทึกสต็อครายวัน!$C$122:$C$9999=B72)*บันทึกสต็อครายวัน!$A$122:$A$9999)),"YYYYMMDD")&"|"&$E$2&"|"&B72,บันทึกสต็อครายวัน!$M$122:$M$9999,0))),""),INDEX(บันทึกสต็อครายวัน!$E$122:$E$9999,MATCH(TEXT($B$2,"YYYYMMDD")&"|"&$E$2&"|"&B72,บันทึกสต็อครายวัน!$M$122:$M$9999,0))),IFERROR(IF(SUMPRODUCT(MAX((บันทึกสต็อครายวัน!$A$122:$A$9999<$B$2)*(บันทึกสต็อครายวัน!$B$122:$B$9999=$E$2)*(บันทึกสต็อครายวัน!$C$122:$C$9999=B72)*บันทึกสต็อครายวัน!$A$122:$A$9999))=0,"",INDEX(บันทึกสต็อครายวัน!$J$122:$J$9999,MATCH(TEXT(SUMPRODUCT(MAX((บันทึกสต็อครายวัน!$A$122:$A$9999<$B$2)*(บันทึกสต็อครายวัน!$B$122:$B$9999=$E$2)*(บันทึกสต็อครายวัน!$C$122:$C$9999=B72)*บันทึกสต็อครายวัน!$A$122:$A$9999)),"YYYYMMDD")&"|"&$E$2&"|"&B72,บันทึกสต็อครายวัน!$M$122:$M$9999,0))),"")) -> 0 | F72: =IFERROR(IF(ISBLANK(INDEX(บันทึกสต็อครายวัน!$F$122:$F$9999,MATCH(TEXT($B$2,"YYYYMMDD")&"|"&$E$2&"|"&B72,บันทึกสต็อครายวัน!$M$122:$M$9999,0))),"",INDEX(บันทึกสต็อครายวัน!$F$122:$F$9999,MATCH(TEXT($B$2,"YYYYMMDD")&"|"&$E$2&"|"&B72,บันทึกสต็อครายวัน!$M$122:$M$9999,0))),"") | G72: =IFERROR(IF(ISBLANK(INDEX(บันทึกสต็อครายวัน!$G$122:$G$9999,MATCH(TEXT($B$2,"YYYYMMDD")&"|"&$E$2&"|"&B72,บันทึกสต็อครายวัน!$M$122:$M$9999,0))),"",INDEX(บันทึกสต็อครายวัน!$G$122:$G$9999,MATCH(TEXT($B$2,"YYYYMMDD")&"|"&$E$2&"|"&B72,บันทึกสต็อครายวัน!$M$122:$M$9999,0))),"") | H72: =IFERROR(IF(ISBLANK(INDEX(บันทึกสต็อครายวัน!$H$122:$H$9999,MATCH(TEXT($B$2,"YYYYMMDD")&"|"&$E$2&"|"&B72,บันทึกสต็อครายวัน!$M$122:$M$9999,0))),"",INDEX(บันทึกสต็อครายวัน!$H$122:$H$9999,MATCH(TEXT($B$2,"YYYYMMDD")&"|"&$E$2&"|"&B72,บันทึกสต็อครายวัน!$M$122:$M$9999,0))),"") | I72: =IFERROR(IF(ISBLANK(INDEX(บันทึกสต็อครายวัน!$I$122:$I$9999,MATCH(TEXT($B$2,"YYYYMMDD")&"|"&$E$2&"|"&B72,บันทึกสต็อครายวัน!$M$122:$M$9999,0))),"",INDEX(บันทึกสต็อครายวัน!$I$122:$I$9999,MATCH(TEXT($B$2,"YYYYMMDD")&"|"&$E$2&"|"&B72,บันทึกสต็อครายวัน!$M$122:$M$9999,0))),"") | J72: =IFERROR(IF(ISBLANK(INDEX(บันทึกสต็อครายวัน!$J$122:$J$9999,MATCH(TEXT($B$2,"YYYYMMDD")&"|"&$E$2&"|"&B72,บันทึกสต็อครายวัน!$M$122:$M$9999,0))),"",INDEX(บันทึกสต็อครายวัน!$J$122:$J$9999,MATCH(TEXT($B$2,"YYYYMMDD")&"|"&$E$2&"|"&B72,บันทึกสต็อครายวัน!$M$122:$M$9999,0))),"") | K72: =IFERROR(IF(ISBLANK(INDEX(บันทึกสต็อครายวัน!$K$122:$K$9999,MATCH(TEXT($B$2,"YYYYMMDD")&"|"&$E$2&"|"&B72,บันทึกสต็อครายวัน!$M$122:$M$9999,0))),"",INDEX(บันทึกสต็อครายวัน!$K$122:$K$9999,MATCH(TEXT($B$2,"YYYYMMDD")&"|"&$E$2&"|"&B72,บันทึกสต็อครายวัน!$M$122:$M$9999,0))),"") | L72: =IFERROR(IF(ISBLANK(INDEX(บันทึกสต็อครายวัน!$L$122:$L$9999,MATCH(TEXT($B$2,"YYYYMMDD")&"|"&$E$2&"|"&B72,บันทึกสต็อครายวัน!$M$122:$M$9999,0))),"",INDEX(บันทึกสต็อครายวัน!$L$122:$L$9999,MATCH(TEXT($B$2,"YYYYMMDD")&"|"&$E$2&"|"&B72,บันทึกสต็อครายวัน!$M$122:$M$9999,0))),"")
... A116: Softserve Toppings | B116: พิสตาชิโอ้ท๊อปปิ้ง | C116: กรัม | D116: =IFERROR(IF(INDEX(บันทึกสต็อครายวัน!$D$122:$D$9999,MATCH(TEXT($B$2,"YYYYMMDD")&"|"&$E$2&"|"&B116,บันทึกสต็อครายวัน!$M$122:$M$9999,0))="",IFERROR(IF(SUMPRODUCT(MAX((บันทึกสต็อครายวัน!$A$122:$A$9999<$B$2)*(บันทึกสต็อครายวัน!$B$122:$B$9999=$E$2)*(บันทึกสต็อครายวัน!$C$122:$C$9999=B116)*บันทึกสต็อครายวัน!$A$122:$A$9999))=0,"",INDEX(บันทึกสต็อครายวัน!$I$122:$I$9999,MATCH(TEXT(SUMPRODUCT(MAX((บันทึกสต็อครายวัน!$A$122:$A$9999<$B$2)*(บันทึกสต็อครายวัน!$B$122:$B$9999=$E$2)*(บันทึกสต็อครายวัน!$C$122:$C$9999=B116)*บันทึกสต็อครายวัน!$A$122:$A$9999)),"YYYYMMDD")&"|"&$E$2&"|"&B116,บันทึกสต็อครายวัน!$M$122:$M$9999,0))),""),INDEX(บันทึกสต็อครายวัน!$D$122:$D$9999,MATCH(TEXT($B$2,"YYYYMMDD")&"|"&$E$2&"|"&B116,บันทึกสต็อครายวัน!$M$122:$M$9999,0))),IFERROR(IF(SUMPRODUCT(MAX((บันทึกสต็อครายวัน!$A$122:$A$9999<$B$2)*(บันทึกสต็อครายวัน!$B$122:$B$9999=$E$2)*(บันทึกสต็อครายวัน!$C$122:$C$9999=B116)*บันทึกสต็อครายวัน!$A$122:$A$9999))=0,"",INDEX(บันทึกสต็อครายวัน!$I$122:$I$9999,MATCH(TEXT(SUMPRODUCT(MAX((บันทึกสต็อครายวัน!$A$122:$A$9999<$B$2)*(บันทึกสต็อครายวัน!$B$122:$B$9999=$E$2)*(บันทึกสต็อครายวัน!$C$122:$C$9999=B116)*บันทึกสต็อครายวัน!$A$122:$A$9999)),"YYYYMMDD")&"|"&$E$2&"|"&B116,บันทึกสต็อครายวัน!$M$122:$M$9999,0))),"")) | E116: =IFERROR(IF(INDEX(บันทึกสต็อครายวัน!$E$122:$E$9999,MATCH(TEXT($B$2,"YYYYMMDD")&"|"&$E$2&"|"&B116,บันทึกสต็อครายวัน!$M$122:$M$9999,0))="",IFERROR(IF(SUMPRODUCT(MAX((บันทึกสต็อครายวัน!$A$122:$A$9999<$B$2)*(บันทึกสต็อครายวัน!$B$122:$B$9999=$E$2)*(บันทึกสต็อครายวัน!$C$122:$C$9999=B116)*บันทึกสต็อครายวัน!$A$122:$A$9999))=0,"",INDEX(บันทึกสต็อครายวัน!$J$122:$J$9999,MATCH(TEXT(SUMPRODUCT(MAX((บันทึกสต็อครายวัน!$A$122:$A$9999<$B$2)*(บันทึกสต็อครายวัน!$B$122:$B$9999=$E$2)*(บันทึกสต็อครายวัน!$C$122:$C$9999=B116)*บันทึกสต็อครายวัน!$A$122:$A$9999)),"YYYYMMDD")&"|"&$E$2&"|"&B116,บันทึกสต็อครายวัน!$M$122:$M$9999,0))),""),INDEX(บันทึกสต็อครายวัน!$E$122:$E$9999,MATCH(TEXT($B$2,"YYYYMMDD")&"|"&$E$2&"|"&B116,บันทึกสต็อครายวัน!$M$122:$M$9999,0))),IFERROR(IF(SUMPRODUCT(MAX((บันทึกสต็อครายวัน!$A$122:$A$9999<$B$2)*(บันทึกสต็อครายวัน!$B$122:$B$9999=$E$2)*(บันทึกสต็อครายวัน!$C$122:$C$9999=B116)*บันทึกสต็อครายวัน!$A$122:$A$9999))=0,"",INDEX(บันทึกสต็อครายวัน!$J$122:$J$9999,MATCH(TEXT(SUMPRODUCT(MAX((บันทึกสต็อครายวัน!$A$122:$A$9999<$B$2)*(บันทึกสต็อครายวัน!$B$122:$B$9999=$E$2)*(บันทึกสต็อครายวัน!$C$122:$C$9999=B116)*บันทึกสต็อครายวัน!$A$122:$A$9999)),"YYYYMMDD")&"|"&$E$2&"|"&B116,บันทึกสต็อครายวัน!$M$122:$M$9999,0))),"")) | F116: =IFERROR(IF(ISBLANK(INDEX(บันทึกสต็อครายวัน!$F$122:$F$9999,MATCH(TEXT($B$2,"YYYYMMDD")&"|"&$E$2&"|"&B116,บันทึกสต็อครายวัน!$M$122:$M$9999,0))),"",INDEX(บันทึกสต็อครายวัน!$F$122:$F$9999,MATCH(TEXT($B$2,"YYYYMMDD")&"|"&$E$2&"|"&B116,บันทึกสต็อครายวัน!$M$122:$M$9999,0))),"") | G116: =IFERROR(IF(ISBLANK(INDEX(บันทึกสต็อครายวัน!$G$122:$G$9999,MATCH(TEXT($B$2,"YYYYMMDD")&"|"&$E$2&"|"&B116,บันทึกสต็อครายวัน!$M$122:$M$9999,0))),"",INDEX(บันทึกสต็อครายวัน!$G$122:$G$9999,MATCH(TEXT($B$2,"YYYYMMDD")&"|"&$E$2&"|"&B116,บันทึกสต็อครายวัน!$M$122:$M$9999,0))),"") | H116: =IFERROR(IF(ISBLANK(INDEX(บันทึกสต็อครายวัน!$H$122:$H$9999,MATCH(TEXT($B$2,"YYYYMMDD")&"|"&$E$2&"|"&B116,บันทึกสต็อครายวัน!$M$122:$M$9999,0))),"",INDEX(บันทึกสต็อครายวัน!$H$122:$H$9999,MATCH(TEXT($B$2,"YYYYMMDD")&"|"&$E$2&"|"&B116,บันทึกสต็อครายวัน!$M$122:$M$9999,0))),"") | I116: =IFERROR(IF(ISBLANK(INDEX(บันทึกสต็อครายวัน!$I$122:$I$9999,MATCH(TEXT($B$2,"YYYYMMDD")&"|"&$E$2&"|"&B116,บันทึกสต็อครายวัน!$M$122:$M$9999,0))),"",INDEX(บันทึกสต็อครายวัน!$I$122:$I$9999,MATCH(TEXT($B$2,"YYYYMMDD")&"|"&$E$2&"|"&B116,บันทึกสต็อครายวัน!$M$122:$M$9999,0))),"") | J116: =IFERROR(IF(ISBLANK(INDEX(บันทึกสต็อครายวัน!$J$122:$J$9999,MATCH(TEXT($B$2,"YYYYMMDD")&"|"&$E$2&"|"&B116,บันทึกสต็อครายวัน!$M$122:$M$9999,0))),"",INDEX(บันทึกสต็อครายวัน!$J$122:$J$9999,MATCH(TEXT($B$2,"YYYYMMDD")&"|"&$E$2&"|"&B116,บันทึกสต็อครายวัน!$M$122:$M$9999,0))),"") | K116: =IFERROR(IF(ISBLANK(INDEX(บันทึกสต็อครายวัน!$K$122:$K$9999,MATCH(TEXT($B$2,"YYYYMMDD")&"|"&$E$2&"|"&B116,บันทึกสต็อครายวัน!$M$122:$M$9999,0))),"",INDEX(บันทึกสต็อครายวัน!$K$122:$K$9999,MATCH(TEXT($B$2,"YYYYMMDD")&"|"&$E$2&"|"&B116,บันทึกสต็อครายวัน!$M$122:$M$9999,0))),"") | L116: =IFERROR(IF(ISBLANK(INDEX(บันทึกสต็อครายวัน!$L$122:$L$9999,MATCH(TEXT($B$2,"YYYYMMDD")&"|"&$E$2&"|"&B116,บันทึกสต็อครายวัน!$M$122:$M$9999,0))),"",INDEX(บันทึกสต็อครายวัน!$L$122:$L$9999,MATCH(TEXT($B$2,"YYYYMMDD")&"|"&$E$2&"|"&B116,บันทึกสต็อครายวัน!$M$122:$M$9999,0))),"")

Sheet บันทึกยอดขาย
A1: 📋 บันทึกยอดขายรายวัน | E1: เดือน: | F1: 46174 | H1: สาขา: | I1: NVP | J1: ← เปลี่ยนเดือน/สาขา ดูยอดขาย | ใส่ข้อมูลจริงใน zone ด้านล่าง (แถว 41+)
A2: วันที่ | B2: สาขา (auto) | C2: เงินสด | D2: PromptPay/QR | E2: EDC Credit Card | F2: รวม In-store | G2: Grab | H2: Lineman | I2: รวม Delivery | J2: รวมเป็นเงิน
B3: NVP | F3: 0 | I3: 0
A4: =F$1+(ROW()-4) -> 46174 | B4: NVP | F4: 0
A5: =F$1+(ROW()-4) -> 46175 | B5: NVP | F5: 0 | I5: 0
A6: =F$1+(ROW()-4) -> 46176 | B6: NVP | F6: 0 | I6: 0
A7: =F$1+(ROW()-4) -> 46177 | B7: NVP | F7: 0 | I7: 0
A8: =F$1+(ROW()-4) -> 46178 | B8: NVP | F8: 0 | I8: 0
A9: =F$1+(ROW()-4) -> 46179 | B9: NVP | C9: =IFERROR(IF($A9="","",IF(SUMIFS($C$41:$C$500,$A$41:$A$500,$A9,$B$41:$B$500,$I$1)=0,"",SUMIFS($C$41:$C$500,$A$41:$A$500,$A9,$B$41:$B$500,$I$1))),"") -> 165 | D9: =IFERROR(IF($A9="","",IF(SUMIFS($D$41:$D$500,$A$41:$A$500,$A9,$B$41:$B$500,$I$1)=0,"",SUMIFS($D$41:$D$500,$A$41:$A$500,$A9,$B$41:$B$500,$I$1))),"") -> 9213 | F9: =SUM(C9:E9) -> 9378 | G9: =IFERROR(IF($A9="","",IF(SUMIFS($G$41:$G$500,$A$41:$A$500,$A9,$B$41:$B$500,$I$1)=0,"",SUMIFS($G$41:$G$500,$A$41:$A$500,$A9,$B$41:$B$500,$I$1))),"") -> 1535 | H9: =IFERROR(IF($A9="","",IF(SUMIFS($H$41:$H$500,$A$41:$A$500,$A9,$B$41:$B$500,$I$1)=0,"",SUMIFS($H$41:$H$500,$A$41:$A$500,$A9,$B$41:$B$500,$I$1))),"") | I9: =SUM(G9:H9) -> 1535 | J9: =SUM(F9,I9) -> 10913
A10: =F$1+(ROW()-4) -> 46180 | B10: NVP | C10: =IFERROR(IF($A10="","",IF(SUMIFS($C$41:$C$500,$A$41:$A$500,$A10,$B$41:$B$500,$I$1)=0,"",SUMIFS($C$41:$C$500,$A$41:$A$500,$A10,$B$41:$B$500,$I$1))),"") -> 545 | D10: =IFERROR(IF($A10="","",IF(SUMIFS($D$41:$D$500,$A$41:$A$500,$A10,$B$41:$B$500,$I$1)=0,"",SUMIFS($D$41:$D$500,$A$41:$A$500,$A10,$B$41:$B$500,$I$1))),"") -> 9761 | F10: =SUM(C10:E10) -> 10306 | G10: =IFERROR(IF($A10="","",IF(SUMIFS($G$41:$G$500,$A$41:$A$500,$A10,$B$41:$B$500,$I$1)=0,"",SUMIFS($G$41:$G$500,$A$41:$A$500,$A10,$B$41:$B$500,$I$1))),"") -> 430 | H10: =IFERROR(IF($A10="","",IF(SUMIFS($H$41:$H$500,$A$41:$A$500,$A10,$B$41:$B$500,$I$1)=0,"",SUMIFS($H$41:$H$500,$A$41:$A$500,$A10,$B$41:$B$500,$I$1))),"") -> 936 | I10: =SUM(G10:H10) -> 1366 | J10: =SUM(F10,I10) -> 11672
A11: =F$1+(ROW()-4) -> 46181 | B11: NVP | C11: =IFERROR(IF($A11="","",IF(SUMIFS($C$41:$C$500,$A$41:$A$500,$A11,$B$41:$B$500,$I$1)=0,"",SUMIFS($C$41:$C$500,$A$41:$A$500,$A11,$B$41:$B$500,$I$1))),"") -> 304 | D11: =IFERROR(IF($A11="","",IF(SUMIFS($D$41:$D$500,$A$41:$A$500,$A11,$B$41:$B$500,$I$1)=0,"",SUMIFS($D$41:$D$500,$A$41:$A$500,$A11,$B$41:$B$500,$I$1))),"") -> 4359 | F11: =SUM(C11:E11) -> 4663 | G11: =IFERROR(IF($A11="","",IF(SUMIFS($G$41:$G$500,$A$41:$A$500,$A11,$B$41:$B$500,$I$1)=0,"",SUMIFS($G$41:$G$500,$A$41:$A$500,$A11,$B$41:$B$500,$I$1))),"") -> 1455 | H11: =IFERROR(IF($A11="","",IF(SUMIFS($H$41:$H$500,$A$41:$A$500,$A11,$B$41:$B$500,$I$1)=0,"",SUMIFS($H$41:$H$500,$A$41:$A$500,$A11,$B$41:$B$500,$I$1))),"") -> 1611 | I11: =SUM(G11:H11) -> 3066 | J11: =SUM(F11,I11) -> 7729
A12: =F$1+(ROW()-4) -> 46182 | B12: NVP | C12: =IFERROR(IF($A12="","",IF(SUMIFS($C$41:$C$500,$A$41:$A$500,$A12,$B$41:$B$500,$I$1)=0,"",SUMIFS($C$41:$C$500,$A$41:$A$500,$A12,$B$41:$B$500,$I$1))),"") -> 554 | D12: =IFERROR(IF($A12="","",IF(SUMIFS($D$41:$D$500,$A$41:$A$500,$A12,$B$41:$B$500,$I$1)=0,"",SUMIFS($D$41:$D$500,$A$41:$A$500,$A12,$B$41:$B$500,$I$1))),"") -> 3482 | F12: =SUM(C12:E12) -> 4036 | G12: =IFERROR(IF($A12="","",IF(SUMIFS($G$41:$G$500,$A$41:$A$500,$A12,$B$41:$B$500,$I$1)=0,"",SUMIFS($G$41:$G$500,$A$41:$A$500,$A12,$B$41:$B$500,$I$1))),"") -> 1345 | H12: =IFERROR(IF($A12="","",IF(SUMIFS($H$41:$H$500,$A$41:$A$500,$A12,$B$41:$B$500,$I$1)=0,"",SUMIFS($H$41:$H$500,$A$41:$A$500,$A12,$B$41:$B$500,$I$1))),"") -> 1661 | I12: =SUM(G12:H12) -> 3006 | J12: =SUM(F12,I12) -> 7042
A13: =F$1+(ROW()-4) -> 46183 | B13: NVP | C13: =IFERROR(IF($A13="","",IF(SUMIFS($C$41:$C$500,$A$41:$A$500,$A13,$B$41:$B$500,$I$1)=0,"",SUMIFS($C$41:$C$500,$A$41:$A$500,$A13,$B$41:$B$500,$I$1))),"") -> 349 | D13: =IFERROR(IF($A13="","",IF(SUMIFS($D$41:$D$500,$A$41:$A$500,$A13,$B$41:$B$500,$I$1)=0,"",SUMIFS($D$41:$D$500,$A$41:$A$500,$A13,$B$41:$B$500,$I$1))),"") -> 3202 | F13: =SUM(C13:E13) -> 3551 | G13: =IFERROR(IF($A13="","",IF(SUMIFS($G$41:$G$500,$A$41:$A$500,$A13,$B$41:$B$500,$I$1)=0,"",SUMIFS($G$41:$G$500,$A$41:$A$500,$A13,$B$41:$B$500,$I$1))),"") -> 890 | H13: =IFERROR(IF($A13="","",IF(SUMIFS($H$41:$H$500,$A$41:$A$500,$A13,$B$41:$B$500,$I$1)=0,"",SUMIFS($H$41:$H$500,$A$41:$A$500,$A13,$B$41:$B$500,$I$1))),"") -> 155 | I13: =SUM(G13:H13) -> 1045 | J13: =SUM(F13,I13) -> 4596
A14: =F$1+(ROW()-4) -> 46184 | B14: NVP | C14: =IFERROR(IF($A14="","",IF(SUMIFS($C$41:$C$500,$A$41:$A$500,$A14,$B$41:$B$500,$I$1)=0,"",SUMIFS($C$41:$C$500,$A$41:$A$500,$A14,$B$41:$B$500,$I$1))),"") -> 350 | D14: =IFERROR(IF($A14="","",IF(SUMIFS($D$41:$D$500,$A$41:$A$500,$A14,$B$41:$B$500,$I$1)=0,"",SUMIFS($D$41:$D$500,$A$41:$A$500,$A14,$B$41:$B$500,$I$1))),"") -> 2983 | F14: =SUM(C14:E14) -> 3333 | G14: =IFERROR(IF($A14="","",IF(SUMIFS($G$41:$G$500,$A$41:$A$500,$A14,$B$41:$B$500,$I$1)=0,"",SUMIFS($G$41:$G$500,$A$41:$A$500,$A14,$B$41:$B$500,$I$1))),"") -> 705 | H14: =IFERROR(IF($A14="","",IF(SUMIFS($H$41:$H$500,$A$41:$A$500,$A14,$B$41:$B$500,$I$1)=0,"",SUMIFS($H$41:$H$500,$A$41:$A$500,$A14,$B$41:$B$500,$I$1))),"") | I14: =SUM(G14:H14) -> 705 | J14: =SUM(F14,I14) -> 4038
A15: =F$1+(ROW()-4) -> 46185 | B15: NVP | C15: =IFERROR(IF($A15="","",IF(SUMIFS($C$41:$C$500,$A$41:$A$500,$A15,$B$41:$B$500,$I$1)=0,"",SUMIFS($C$41:$C$500,$A$41:$A$500,$A15,$B$41:$B$500,$I$1))),"") -> 1354 | D15: =IFERROR(IF($A15="","",IF(SUMIFS($D$41:$D$500,$A$41:$A$500,$A15,$B$41:$B$500,$I$1)=0,"",SUMIFS($D$41:$D$500,$A$41:$A$500,$A15,$B$41:$B$500,$I$1))),"") -> 4883 | F15: =SUM(C15:E15) -> 6237 | I15: =SUM(G15:H15) -> 0 | J15: =SUM(F15,I15) -> 6237
A16: =F$1+(ROW()-4) -> 46186 | B16: NVP | F16: =SUM(C16:E16) -> 0 | I16: =SUM(G16:H16) -> 0 | J16: =SUM(F16,I16) -> 0
A17: =F$1+(ROW()-4) -> 46187 | B17: NVP | F17: =SUM(C17:E17) -> 0 | I17: =SUM(G17:H17) -> 0 | J17: =SUM(F17,I17) -> 0
A18: =F$1+(ROW()-4) -> 46188 | B18: NVP | F18: =SUM(C18:E18) -> 0 | I18: =SUM(G18:H18) -> 0 | J18: =SUM(F18,I18) -> 0
A19: =F$1+(ROW()-4) -> 46189 | B19: NVP | C19: =IFERROR(IF($A19="","",IF(SUMIFS($C$41:$C$500,$A$41:$A$500,$A19,$B$41:$B$500,$I$1)=0,"",SUMIFS($C$41:$C$500,$A$41:$A$500,$A19,$B$41:$B$500,$I$1))),"") | D19: =IFERROR(IF($A19="","",IF(SUMIFS($D$41:$D$500,$A$41:$A$500,$A19,$B$41:$B$500,$I$1)=0,"",SUMIFS($D$41:$D$500,$A$41:$A$500,$A19,$B$41:$B$500,$I$1))),"") | F19: =SUM(C19:E19) -> 0 | G19: =IFERROR(IF($A19="","",IF(SUMIFS($G$41:$G$500,$A$41:$A$500,$A19,$B$41:$B$500,$I$1)=0,"",SUMIFS($G$41:$G$500,$A$41:$A$500,$A19,$B$41:$B$500,$I$1))),"") | H19: =IFERROR(IF($A19="","",IF(SUMIFS($H$41:$H$500,$A$41:$A$500,$A19,$B$41:$B$500,$I$1)=0,"",SUMIFS($H$41:$H$500,$A$41:$A$500,$A19,$B$41:$B$500,$I$1))),"") | I19: =SUM(G19:H19) -> 0 | J19: =SUM(F19,I19) -> 0
A20: =F$1+(ROW()-4) -> 46190 | B20: NVP | C20: =IFERROR(IF($A20="","",IF(SUMIFS($C$41:$C$500,$A$41:$A$500,$A20,$B$41:$B$500,$I$1)=0,"",SUMIFS($C$41:$C$500,$A$41:$A$500,$A20,$B$41:$B$500,$I$1))),"") | D20: =IFERROR(IF($A20="","",IF(SUMIFS($D$41:$D$500,$A$41:$A$500,$A20,$B$41:$B$500,$I$1)=0,"",SUMIFS($D$41:$D$500,$A$41:$A$500,$A20,$B$41:$B$500,$I$1))),"") | F20: =SUM(C20:E20) -> 0 | G20: =IFERROR(IF($A20="","",IF(SUMIFS($G$41:$G$500,$A$41:$A$500,$A20,$B$41:$B$500,$I$1)=0,"",SUMIFS($G$41:$G$500,$A$41:$A$500,$A20,$B$41:$B$500,$I$1))),"") | H20: =IFERROR(IF($A20="","",IF(SUMIFS($H$41:$H$500,$A$41:$A$500,$A20,$B$41:$B$500,$I$1)=0,"",SUMIFS($H$41:$H$500,$A$41:$A$500,$A20,$B$41:$B$500,$I$1))),"") | I20: =SUM(G20:H20) -> 0 | J20: =SUM(F20,I20) -> 0
A21: =F$1+(ROW()-4) -> 46191 | B21: NVP | C21: =IFERROR(IF($A21="","",IF(SUMIFS($C$41:$C$500,$A$41:$A$500,$A21,$B$41:$B$500,$I$1)=0,"",SUMIFS($C$41:$C$500,$A$41:$A$500,$A21,$B$41:$B$500,$I$1))),"") | D21: =IFERROR(IF($A21="","",IF(SUMIFS($D$41:$D$500,$A$41:$A$500,$A21,$B$41:$B$500,$I$1)=0,"",SUMIFS($D$41:$D$500,$A$41:$A$500,$A21,$B$41:$B$500,$I$1))),"") | F21: =SUM(C21:E21) -> 0 | G21: =IFERROR(IF($A21="","",IF(SUMIFS($G$41:$G$500,$A$41:$A$500,$A21,$B$41:$B$500,$I$1)=0,"",SUMIFS($G$41:$G$500,$A$41:$A$500,$A21,$B$41:$B$500,$I$1))),"") | H21: =IFERROR(IF($A21="","",IF(SUMIFS($H$41:$H$500,$A$41:$A$500,$A21,$B$41:$B$500,$I$1)=0,"",SUMIFS($H$41:$H$500,$A$41:$A$500,$A21,$B$41:$B$500,$I$1))),"") | I21: =SUM(G21:H21) -> 0 | J21: =SUM(F21,I21) -> 0
A22: =F$1+(ROW()-4) -> 46192 | B22: NVP | C22: =IFERROR(IF($A22="","",IF(SUMIFS($C$41:$C$500,$A$41:$A$500,$A22,$B$41:$B$500,$I$1)=0,"",SUMIFS($C$41:$C$500,$A$41:$A$500,$A22,$B$41:$B$500,$I$1))),"") | D22: =IFERROR(IF($A22="","",IF(SUMIFS($D$41:$D$500,$A$41:$A$500,$A22,$B$41:$B$500,$I$1)=0,"",SUMIFS($D$41:$D$500,$A$41:$A$500,$A22,$B$41:$B$500,$I$1))),"") | F22: =SUM(C22:E22) -> 0 | G22: =IFERROR(IF($A22="","",IF(SUMIFS($G$41:$G$500,$A$41:$A$500,$A22,$B$41:$B$500,$I$1)=0,"",SUMIFS($G$41:$G$500,$A$41:$A$500,$A22,$B$41:$B$500,$I$1))),"") | H22: =IFERROR(IF($A22="","",IF(SUMIFS($H$41:$H$500,$A$41:$A$500,$A22,$B$41:$B$500,$I$1)=0,"",SUMIFS($H$41:$H$500,$A$41:$A$500,$A22,$B$41:$B$500,$I$1))),"") | I22: =SUM(G22:H22) -> 0 | J22: =SUM(F22,I22) -> 0
A23: =F$1+(ROW()-4) -> 46193 | B23: NVP | C23: =IFERROR(IF($A23="","",IF(SUMIFS($C$41:$C$500,$A$41:$A$500,$A23,$B$41:$B$500,$I$1)=0,"",SUMIFS($C$41:$C$500,$A$41:$A$500,$A23,$B$41:$B$500,$I$1))),"") | D23: =IFERROR(IF($A23="","",IF(SUMIFS($D$41:$D$500,$A$41:$A$500,$A23,$B$41:$B$500,$I$1)=0,"",SUMIFS($D$41:$D$500,$A$41:$A$500,$A23,$B$41:$B$500,$I$1))),"") | F23: =SUM(C23:E23) -> 0 | G23: =IFERROR(IF($A23="","",IF(SUMIFS($G$41:$G$500,$A$41:$A$500,$A23,$B$41:$B$500,$I$1)=0,"",SUMIFS($G$41:$G$500,$A$41:$A$500,$A23,$B$41:$B$500,$I$1))),"") | H23: =IFERROR(IF($A23="","",IF(SUMIFS($H$41:$H$500,$A$41:$A$500,$A23,$B$41:$B$500,$I$1)=0,"",SUMIFS($H$41:$H$500,$A$41:$A$500,$A23,$B$41:$B$500,$I$1))),"") | I23: =SUM(G23:H23) -> 0 | J23: =SUM(F23,I23) -> 0
A24: =F$1+(ROW()-4) -> 46194 | B24: NVP | C24: =IFERROR(IF($A24="","",IF(SUMIFS($C$41:$C$500,$A$41:$A$500,$A24,$B$41:$B$500,$I$1)=0,"",SUMIFS($C$41:$C$500,$A$41:$A$500,$A24,$B$41:$B$500,$I$1))),"") | D24: =IFERROR(IF($A24="","",IF(SUMIFS($D$41:$D$500,$A$41:$A$500,$A24,$B$41:$B$500,$I$1)=0,"",SUMIFS($D$41:$D$500,$A$41:$A$500,$A24,$B$41:$B$500,$I$1))),"") | F24: =SUM(C24:E24) -> 0 | G24: =IFERROR(IF($A24="","",IF(SUMIFS($G$41:$G$500,$A$41:$A$500,$A24,$B$41:$B$500,$I$1)=0,"",SUMIFS($G$41:$G$500,$A$41:$A$500,$A24,$B$41:$B$500,$I$1))),"") | H24: =IFERROR(IF($A24="","",IF(SUMIFS($H$41:$H$500,$A$41:$A$500,$A24,$B$41:$B$500,$I$1)=0,"",SUMIFS($H$41:$H$500,$A$41:$A$500,$A24,$B$41:$B$500,$I$1))),"") | I24: =SUM(G24:H24) -> 0 | J24: =SUM(F24,I24) -> 0
A25: =F$1+(ROW()-4) -> 46195 | B25: NVP | C25: =IFERROR(IF($A25="","",IF(SUMIFS($C$41:$C$500,$A$41:$A$500,$A25,$B$41:$B$500,$I$1)=0,"",SUMIFS($C$41:$C$500,$A$41:$A$500,$A25,$B$41:$B$500,$I$1))),"") | D25: =IFERROR(IF($A25="","",IF(SUMIFS($D$41:$D$500,$A$41:$A$500,$A25,$B$41:$B$500,$I$1)=0,"",SUMIFS($D$41:$D$500,$A$41:$A$500,$A25,$B$41:$B$500,$I$1))),"") | F25: =SUM(C25:E25) -> 0 | G25: =IFERROR(IF($A25="","",IF(SUMIFS($G$41:$G$500,$A$41:$A$500,$A25,$B$41:$B$500,$I$1)=0,"",SUMIFS($G$41:$G$500,$A$41:$A$500,$A25,$B$41:$B$500,$I$1))),"") | H25: =IFERROR(IF($A25="","",IF(SUMIFS($H$41:$H$500,$A$41:$A$500,$A25,$B$41:$B$500,$I$1)=0,"",SUMIFS($H$41:$H$500,$A$41:$A$500,$A25,$B$41:$B$500,$I$1))),"") | I25: =SUM(G25:H25) -> 0 | J25: =SUM(F25,I25) -> 0
A26: =F$1+(ROW()-4) -> 46196 | B26: NVP | C26: =IFERROR(IF($A26="","",IF(SUMIFS($C$41:$C$500,$A$41:$A$500,$A26,$B$41:$B$500,$I$1)=0,"",SUMIFS($C$41:$C$500,$A$41:$A$500,$A26,$B$41:$B$500,$I$1))),"") | D26: =IFERROR(IF($A26="","",IF(SUMIFS($D$41:$D$500,$A$41:$A$500,$A26,$B$41:$B$500,$I$1)=0,"",SUMIFS($D$41:$D$500,$A$41:$A$500,$A26,$B$41:$B$500,$I$1))),"") | F26: =SUM(C26:E26) -> 0 | G26: =IFERROR(IF($A26="","",IF(SUMIFS($G$41:$G$500,$A$41:$A$500,$A26,$B$41:$B$500,$I$1)=0,"",SUMIFS($G$41:$G$500,$A$41:$A$500,$A26,$B$41:$B$500,$I$1))),"") | H26: =IFERROR(IF($A26="","",IF(SUMIFS($H$41:$H$500,$A$41:$A$500,$A26,$B$41:$B$500,$I$1)=0,"",SUMIFS($H$41:$H$500,$A$41:$A$500,$A26,$B$41:$B$500,$I$1))),"") | I26: =SUM(G26:H26) -> 0 | J26: =SUM(F26,I26) -> 0
A27: =F$1+(ROW()-4) -> 46197 | B27: NVP | C27: =IFERROR(IF($A27="","",IF(SUMIFS($C$41:$C$500,$A$41:$A$500,$A27,$B$41:$B$500,$I$1)=0,"",SUMIFS($C$41:$C$500,$A$41:$A$500,$A27,$B$41:$B$500,$I$1))),"") | D27: =IFERROR(IF($A27="","",IF(SUMIFS($D$41:$D$500,$A$41:$A$500,$A27,$B$41:$B$500,$I$1)=0,"",SUMIFS($D$41:$D$500,$A$41:$A$500,$A27,$B$41:$B$500,$I$1))),"") | F27: =SUM(C27:E27) -> 0 | G27: =IFERROR(IF($A27="","",IF(SUMIFS($G$41:$G$500,$A$41:$A$500,$A27,$B$41:$B$500,$I$1)=0,"",SUMIFS($G$41:$G$500,$A$41:$A$500,$A27,$B$41:$B$500,$I$1))),"") | H27: =IFERROR(IF($A27="","",IF(SUMIFS($H$41:$H$500,$A$41:$A$500,$A27,$B$41:$B$500,$I$1)=0,"",SUMIFS($H$41:$H$500,$A$41:$A$500,$A27,$B$41:$B$500,$I$1))),"") | I27: =SUM(G27:H27) -> 0 | J27: =SUM(F27,I27) -> 0
A28: =F$1+(ROW()-4) -> 46198 | B28: NVP | C28: =IFERROR(IF($A28="","",IF(SUMIFS($C$41:$C$500,$A$41:$A$500,$A28,$B$41:$B$500,$I$1)=0,"",SUMIFS($C$41:$C$500,$A$41:$A$500,$A28,$B$41:$B$500,$I$1))),"") | D28: =IFERROR(IF($A28="","",IF(SUMIFS($D$41:$D$500,$A$41:$A$500,$A28,$B$41:$B$500,$I$1)=0,"",SUMIFS($D$41:$D$500,$A$41:$A$500,$A28,$B$41:$B$500,$I$1))),"") | F28: =SUM(C28:E28) -> 0 | G28: =IFERROR(IF($A28="","",IF(SUMIFS($G$41:$G$500,$A$41:$A$500,$A28,$B$41:$B$500,$I$1)=0,"",SUMIFS($G$41:$G$500,$A$41:$A$500,$A28,$B$41:$B$500,$I$1))),"") | H28: =IFERROR(IF($A28="","",IF(SUMIFS($H$41:$H$500,$A$41:$A$500,$A28,$B$41:$B$500,$I$1)=0,"",SUMIFS($H$41:$H$500,$A$41:$A$500,$A28,$B$41:$B$500,$I$1))),"") | I28: =SUM(G28:H28) -> 0 | J28: =SUM(F28,I28) -> 0
A29: =F$1+(ROW()-4) -> 46199 | B29: NVP | C29: =IFERROR(IF($A29="","",IF(SUMIFS($C$41:$C$500,$A$41:$A$500,$A29,$B$41:$B$500,$I$1)=0,"",SUMIFS($C$41:$C$500,$A$41:$A$500,$A29,$B$41:$B$500,$I$1))),"") | D29: =IFERROR(IF($A29="","",IF(SUMIFS($D$41:$D$500,$A$41:$A$500,$A29,$B$41:$B$500,$I$1)=0,"",SUMIFS($D$41:$D$500,$A$41:$A$500,$A29,$B$41:$B$500,$I$1))),"") | F29: =SUM(C29:E29) -> 0 | G29: =IFERROR(IF($A29="","",IF(SUMIFS($G$41:$G$500,$A$41:$A$500,$A29,$B$41:$B$500,$I$1)=0,"",SUMIFS($G$41:$G$500,$A$41:$A$500,$A29,$B$41:$B$500,$I$1))),"") | H29: =IFERROR(IF($A29="","",IF(SUMIFS($H$41:$H$500,$A$41:$A$500,$A29,$B$41:$B$500,$I$1)=0,"",SUMIFS($H$41:$H$500,$A$41:$A$500,$A29,$B$41:$B$500,$I$1))),"") | I29: =SUM(G29:H29) -> 0 | J29: =SUM(F29,I29) -> 0
A30: =F$1+(ROW()-4) -> 46200 | B30: NVP | C30: =IFERROR(IF($A30="","",IF(SUMIFS($C$41:$C$500,$A$41:$A$500,$A30,$B$41:$B$500,$I$1)=0,"",SUMIFS($C$41:$C$500,$A$41:$A$500,$A30,$B$41:$B$500,$I$1))),"") | D30: =IFERROR(IF($A30="","",IF(SUMIFS($D$41:$D$500,$A$41:$A$500,$A30,$B$41:$B$500,$I$1)=0,"",SUMIFS($D$41:$D$500,$A$41:$A$500,$A30,$B$41:$B$500,$I$1))),"") | F30: =SUM(C30:E30) -> 0 | G30: =IFERROR(IF($A30="","",IF(SUMIFS($G$41:$G$500,$A$41:$A$500,$A30,$B$41:$B$500,$I$1)=0,"",SUMIFS($G$41:$G$500,$A$41:$A$500,$A30,$B$41:$B$500,$I$1))),"") | H30: =IFERROR(IF($A30="","",IF(SUMIFS($H$41:$H$500,$A$41:$A$500,$A30,$B$41:$B$500,$I$1)=0,"",SUMIFS($H$41:$H$500,$A$41:$A$500,$A30,$B$41:$B$500,$I$1))),"") | I30: =SUM(G30:H30) -> 0 | J30: =SUM(F30,I30) -> 0
... A33: =F$1+(ROW()-4) -> 46203 | B33: NVP | C33: =IFERROR(IF($A33="","",IF(SUMIFS($C$41:$C$500,$A$41:$A$500,$A33,$B$41:$B$500,$I$1)=0,"",SUMIFS($C$41:$C$500,$A$41:$A$500,$A33,$B$41:$B$500,$I$1))),"") | D33: =IFERROR(IF($A33="","",IF(SUMIFS($D$41:$D$500,$A$41:$A$500,$A33,$B$41:$B$500,$I$1)=0,"",SUMIFS($D$41:$D$500,$A$41:$A$500,$A33,$B$41:$B$500,$I$1))),"") | F33: =SUM(C33:E33) -> 0 | G33: =IFERROR(IF($A33="","",IF(SUMIFS($G$41:$G$500,$A$41:$A$500,$A33,$B$41:$B$500,$I$1)=0,"",SUMIFS($G$41:$G$500,$A$41:$A$500,$A33,$B$41:$B$500,$I$1))),"") | H33: =IFERROR(IF($A33="","",IF(SUMIFS($H$41:$H$500,$A$41:$A$500,$A33,$B$41:$B$500,$I$1)=0,"",SUMIFS($H$41:$H$500,$A$41:$A$500,$A33,$B$41:$B$500,$I$1))),"") | I33: =SUM(G33:H33) -> 0 | J33: =SUM(F33,I33) -> 0
A34: =F$1+(ROW()-4) -> 46204 | G34: =IFERROR(IF($A34="","",IF(SUMIFS($G$41:$G$500,$A$41:$A$500,$A34,$B$41:$B$500,$I$1)=0,"",SUMIFS($G$41:$G$500,$A$41:$A$500,$A34,$B$41:$B$500,$I$1))),"") | H34: =IFERROR(IF($A34="","",IF(SUMIFS($H$41:$H$500,$A$41:$A$500,$A34,$B$41:$B$500,$I$1)=0,"",SUMIFS($H$41:$H$500,$A$41:$A$500,$A34,$B$41:$B$500,$I$1))),"") | I34: =SUM(G34:H34) -> 0 | J34: =SUM(F34,I34) -> 0
C35: =SUM(C4:C34) -> 3621 | D35: =SUM(D4:D34) -> 37883 | E35: =SUM(E4:E34) -> 0 | F35: =SUM(F4:F34) -> 41504 | G35: =SUM(G4:G34) -> 6360 | H35: =SUM(H4:H34) -> 4363 | I35: =SUM(I4:I34) -> 10723 | J35: =SUM(J4:J34) -> 52227
A38: 📝 ใส่ข้อมูลยอดขายที่นี่ (วันที่จะล็อคอยู่กับข้อมูล)
A39: วันที่ | B39: สาขา | C39: เงินสด | D39: PromptPay/QR | E39: EDC Credit Card | F39: รวม In-store | G39: Grab | H39: Lineman | I39: รวม Delivery | J39: รวมเป็นเงิน
A41: 46174 | B41: NVP | C41: 175 | D41: 4298 | F41: 4473 | G41: 435 | H41: 170 | I41: 605 | J41: 5078
A42: 46176 | B42: NVP | C42: 749 | D42: 10356 | F42: 11105 | G42: 1895 | H42: 895 | I42: 2790 | J42: 13895
A43: 46178 | B43: NVP | C43: 860 | D43: 5732 | F43: 6592 | G43: 170 | H43: 1608 | I43: 1778 | J43: 8370
A44: 46175 | B44: SND | C44: 850 | D44: 3285 | F44: 4135 | G44: 765 | H44: 548 | I44: 1313 | J44: 5448
A45: 46176 | B45: SND | D45: 250 | F45: 250 | G45: 2605 | I45: 2605 | J45: 2855
A46: 46177 | B46: SND | C46: 1115 | D46: 2345 | F46: 3460 | G46: 1920 | H46: 345 | I46: 2265 | J46: 5725
A47: 46178 | B47: SND | C47: 525 | D47: 3160 | F47: 3685 | G47: 2927 | H47: 185 | I47: 3112 | J47: 6797
A48: 46179 | B48: SND | C48: 205 | D48: 205 | F48: 410 | J48: =#VALUE! -> #VALUE!
A49: 46181 | B49: SND | C49: 175 | D49: 3863 | F49: 4038 | G49: 2305 | I49: 2305 | J49: 6343
A50: 46182 | B50: SND | C50: 555 | D50: 2315 | F50: 2870 | G50: 610 | I50: 610 | J50: 3480
A51: 46179 | B51: NVP | C51: 165 | D51: 9213 | F51: 9378 | G51: 1535 | I51: 1535 | J51: 10913
A52: 46180 | B52: NVP | C52: 545 | D52: 9761 | F52: 10306 | G52: 430 | H52: 936 | I52: 1366 | J52: 11672
A53: 46181 | B53: NVP | C53: 304 | D53: 4359 | F53: 4663 | G53: 1455 | H53: 1611 | I53: 3066 | J53: 7729
A54: 46182 | B54: NVP | C54: 554 | D54: 3482 | F54: 4036 | G54: 1345 | H54: 1661 | I54: 3006 | J54: 7042
A55: 46183 | B55: NVP | C55: 349 | D55: 3202 | F55: 3551 | G55: 890 | H55: 155 | I55: 1045 | J55: 4596
A56: 46184 | B56: NVP | C56: 350 | D56: 2983 | F56: 3333 | G56: 705 | I56: 705 | J56: 4038
A57: 46185 | B57: NVP | C57: 1354 | D57: 4883 | F57: 6237 | J57: =#VALUE! -> #VALUE!
J58: =#VALUE! -> #VALUE!
J59: =#VALUE! -> #VALUE!
J60: =#VALUE! -> #VALUE!
J61: =#VALUE! -> #VALUE!
J62: =#VALUE! -> #VALUE!
J63: =#VALUE! -> #VALUE!
J64: =#VALUE! -> #VALUE!
J65: =#VALUE! -> #VALUE!
J66: =#VALUE! -> #VALUE!
J67: =#VALUE! -> #VALUE!
J68: =#VALUE! -> #VALUE!
J69: =#VALUE! -> #VALUE!
... J100: =#VALUE! -> #VALUE!

Sheet ฐานข้อมูลสะสม
A1: YC STOCK — ฐานข้อมูลสะสมรายวัน (สำหรับวิเคราะห์)
A2: 📋 วิธีใช้: copy แถวข้อมูลจาก Sheet 'บันทึกสต็อครายวัน' แล้ว Paste Values ที่นี่ ทีละวัน ต่อกันลงไปเรื่อยๆ
A3: วันที่ | B3: สาขา | C3: ชีต | D3: หมวด | E3: รายการ | F3: หน่วยบรรจุ | G3: ยกมา (แพ็ค/กล่อง) | H3: ยกมา (ชิ้น/กรัม) | I3: รับเข้า (แพ็ค/กล่อง) | J3: รับเข้า (ชิ้น/กรัม) | K3: ขายไป / ใช้ไป | L3: คงเหลือ (แพ็ค/กล่อง) | M3: คงเหลือ (ชิ้น/กรัม) | N3: ส่งคืน | O3: หมายเหตุ | P3: ผลต่าง (Variance) | Q3: Par Level | R3: สถานะสต็อค

Sheet คู่มือการใช้งาน
A1: คู่มือการใช้ YC Stock Tracker
A3: 📋 Sheet 'บันทึกสต็อครายวัน'
A4: → ใช้กรอกข้อมูลสต็อคประจำวันแต่ละสาขา
A5: → กรอก วันที่ ใน Col A และ สาขา ใน Col B ของทุกแถวที่กรอกในวันนั้น
A6: → กรอกตัวเลขใน Col G-N เท่านั้น (Col C-F ไม่ต้องแก้)
A7: → รายการที่มี * ในชื่อ = ยังต้องยืนยันชื่อที่ถูกต้อง
A8: → หากเพิ่มสาขาใหม่ให้อัปเดต dropdown ที่ Data Validation
A10: 💰 Sheet 'บันทึกยอดขาย'
A11: → บันทึกยอดขายรายวัน แยกตามช่องทาง
A12: → Col F และ Col J-K คำนวณอัตโนมัติ
A14: ⚠️ รายการที่ต้องตรวจสอบ
A15: → Stock #1 / Drink: มีรายการชื่อไม่ชัดเจน 1 รายการ (แถว 25)
... A32: → ระบบจะ flag อัตโนมัติเมื่อคงเหลือต่ำกว่า Par Level
